profile,engine,dataset,split,n_tasks,n_ok,n_error,n_unavailable,n_na,n_attempted,usable_rate,usable_n,success_rate,timeout_rate,blocked_rate,extraction_failure_rate,extraction_failure_n,passage_recall_mean,passage_recall_n,boilerplate_exclusion_mean,boilerplate_exclusion_n,token_f1_mean,token_f1_n,headings_mean,headings_n,tables_mean,tables_n,code_mean,code_n,correct_error_rate,correct_error_n,citation_mean,citation_n,chars_mean,tokens_mean,output_n,latency_first_p50,latency_first_n,latency_warm_p50,latency_warm_p95,latency_warm_n,escalation_rate,escalation_n,attempts_mean,attempts_n,cost_total
fetchkeep-http,fetchkeep,fixture,all,60,51,9,0,0,60,0.8824,51,0.85,0,0,0.1176,51,0.8824,51,0.95,30,0.9725,27,0.7778,27,0.8,15,1,9,1,9,0.9778,45,487.8,113.5,51,8.9,17,7.5,2508.6,34,0,51,1,51,
fetchkeep-http,fetchkeep,fixture,heldOut,18,18,0,0,0,18,0.8333,18,1,0,0,0.1667,18,0.8333,18,1,9,0.9823,9,0.6667,9,1,6,1,3,,0,0.9333,15,433.8,107,18,8.4,6,6.5,18.9,12,0,18,1,18,
fetchkeep-http,fetchkeep,fixture,dev,42,33,9,0,0,42,0.9091,33,0.7857,0,0,0.0909,33,0.9091,33,0.9286,21,0.9676,18,0.8333,18,0.6667,9,1,6,1,9,1,30,517.3,117.1,33,15,11,7.6,2508.6,22,0,33,1,33,
fetchkeep-http,fetchkeep,live,all,72,72,0,0,0,72,0.875,72,1,0,0,0.125,72,0.875,72,0.875,48,,0,1,30,1,9,1,21,,0,1,63,57786.2,16095.5,72,405.7,24,381.6,1299.9,48,0,72,1,72,
fetchkeep-http,fetchkeep,live,heldOut,18,18,0,0,0,18,0.8333,18,1,0,0,0.1667,18,0.8333,18,1,12,,0,1,6,1,3,1,3,,0,1,15,25370.8,6309.5,18,286.8,6,273.6,760,12,0,18,1,18,
fetchkeep-http,fetchkeep,live,dev,54,54,0,0,0,54,0.8889,54,1,0,0,0.1111,54,0.8889,54,0.8333,36,,0,1,24,1,6,1,18,,0,1,48,68591.3,19357.4,54,478.1,18,405.3,1493.4,36,0,54,1,54,
fetchkeep-chromium,fetchkeep,fixture,all,60,51,9,0,0,60,1,51,0.85,0,0,0,51,1,51,0.95,30,0.965,27,1,27,1,15,1,9,1,9,0.9804,51,517.7,121.3,51,1060,17,1059.9,3549.7,34,0,51,1.18,51,
fetchkeep-chromium,fetchkeep,fixture,heldOut,18,18,0,0,0,18,1,18,1,0,0,0,18,1,18,1,9,0.9823,9,1,9,1,6,1,3,,0,0.9444,18,466.5,115,18,1050,6,1048.9,1167.3,12,0,18,1.17,18,
fetchkeep-chromium,fetchkeep,fixture,dev,42,33,9,0,0,42,1,33,0.7857,0,0,0,33,1,33,0.9286,21,0.9563,18,1,18,1,9,1,6,1,9,1,33,545.6,124.7,33,1063.6,11,1062.3,3549.7,22,0,33,1.18,33,
fetchkeep-chromium,fetchkeep,live,all,72,72,0,0,0,72,0.9583,72,1,0,0,0.0417,72,0.9583,72,0.875,48,,0,1,30,1,9,0.8571,21,,0,1,69,59059.3,16469.2,72,1966.8,24,1913.3,3340.6,48,0,72,1.13,72,
fetchkeep-chromium,fetchkeep,live,heldOut,18,18,0,0,0,18,0.8333,18,1,0,0,0.1667,18,0.8333,18,1,12,,0,1,6,1,3,1,3,,0,1,15,25305.8,6283.7,18,1607,6,1532,2047.5,12,0,18,1.17,18,
fetchkeep-chromium,fetchkeep,live,dev,54,54,0,0,0,54,1,54,1,0,0,0,54,1,54,0.8333,36,,0,1,24,1,6,0.8333,18,,0,1,54,70310.5,19864.3,54,2099,18,2005.9,3426.4,36,0,54,1.11,54,
fetchkeep-lightpanda,fetchkeep,fixture,all,60,51,9,0,0,60,1,51,0.85,0,0,0,51,1,51,0.95,30,0.965,27,1,27,1,15,1,9,1,9,0.9804,51,517.7,121.3,51,524.9,17,521.6,3016.2,34,0,51,1.18,51,
fetchkeep-lightpanda,fetchkeep,fixture,heldOut,18,18,0,0,0,18,1,18,1,0,0,0,18,1,18,1,9,0.9823,9,1,9,1,6,1,3,,0,0.9444,18,466.5,115,18,520.2,6,520.1,582.7,12,0,18,1.17,18,
fetchkeep-lightpanda,fetchkeep,fixture,dev,42,33,9,0,0,42,1,33,0.7857,0,0,0,33,1,33,0.9286,21,0.9563,18,1,18,1,9,1,6,1,9,1,33,545.6,124.7,33,525.5,11,522.1,3016.2,22,0,33,1.18,33,
fetchkeep-lightpanda,fetchkeep,live,all,72,72,0,0,0,72,0.9306,72,1,0,0,0.0694,72,0.9306,72,0.875,48,,0,1,30,1,9,0.7143,21,,0,1,67,58640.1,16356.7,72,1108.7,24,1116.3,2093.8,48,0,72,1.13,72,
fetchkeep-lightpanda,fetchkeep,live,heldOut,18,18,0,0,0,18,0.8333,18,1,0,0,0.1667,18,0.8333,18,1,12,,0,1,6,1,3,1,3,,0,1,15,25275.3,6274.7,18,839.6,6,932.5,1450.7,12,0,18,1.17,18,
fetchkeep-lightpanda,fetchkeep,live,dev,54,54,0,0,0,54,0.963,54,1,0,0,0.037,54,0.963,54,0.8333,36,,0,1,24,1,6,0.6667,18,,0,1,52,69761.7,19717.3,54,1108.7,18,1143.5,2208.2,36,0,54,1.11,54,
fetchkeep-auto,fetchkeep,fixture,all,60,51,9,0,0,60,1,51,0.85,0,0,0,51,1,51,0.95,30,0.9725,27,1,27,1,15,1,9,1,9,0.9804,51,515.7,120.8,51,11.7,17,6.2,2502.7,34,0.1176,51,1.12,51,
fetchkeep-auto,fetchkeep,fixture,heldOut,18,18,0,0,0,18,1,18,1,0,0,0,18,1,18,1,9,0.9823,9,1,9,1,6,1,3,,0,0.9444,18,466.5,115,18,7.7,6,5.7,1194.8,12,0.1667,18,1.17,18,
fetchkeep-auto,fetchkeep,fixture,dev,42,33,9,0,0,42,1,33,0.7857,0,0,0,33,1,33,0.9286,21,0.9676,18,1,18,1,9,1,6,1,9,1,33,542.5,123.9,33,13.1,11,6.2,2502.7,22,0.0909,33,1.09,33,
fetchkeep-auto,fetchkeep,live,all,72,72,0,0,0,72,0.9583,72,1,0,0,0.0417,72,0.9583,72,0.875,48,,0,1,30,1,9,1,21,,0,1,69,57946.7,16135,72,393.4,24,455.8,2313.7,48,0.125,72,1.13,72,
fetchkeep-auto,fetchkeep,live,heldOut,18,18,0,0,0,18,0.8333,18,1,0,0,0.1667,18,0.8333,18,1,12,,0,1,6,1,3,1,3,,0,1,15,25370.8,6309.5,18,318.7,6,296.2,2313.7,12,0.1667,18,1.17,18,
fetchkeep-auto,fetchkeep,live,dev,54,54,0,0,0,54,1,54,1,0,0,0,54,1,54,0.8333,36,,0,1,24,1,6,1,18,,0,1,54,68805.3,19410.1,54,447.7,18,461.7,2721.7,36,0.1111,54,1.11,54,
firecrawl-selfhost,firecrawl,fixture,all,60,48,12,0,0,60,0.9412,51,0.8,0,0,0,48,1,48,0.8333,27,0.9477,27,1,24,1,12,0.5556,9,1,9,,0,592.9,129.8,48,85.7,16,80.8,2573.5,32,,0,,0,
firecrawl-selfhost,firecrawl,fixture,heldOut,18,18,0,0,0,18,1,18,1,0,0,0,18,1,18,0.8667,9,0.9553,9,1,9,1,6,0.5,3,,0,,0,521.3,121.3,18,79.8,6,74.6,138.2,12,,0,,0,
firecrawl-selfhost,firecrawl,fixture,dev,42,30,12,0,0,42,0.9091,33,0.7143,0,0,0,30,1,30,0.8167,18,0.9439,18,1,15,1,6,0.5833,6,1,9,,0,635.8,134.8,30,85.7,10,84.5,2573.5,20,,0,,0,
firecrawl-selfhost,firecrawl,live,all,72,69,3,0,0,72,0.9167,72,0.9583,0,0,0.0435,69,0.9565,69,0.6806,48,,0,0.4583,30,1,9,0.3333,21,,0,,0,62523.3,17116.8,69,895.2,23,805.1,2217.3,46,,0,,0,
firecrawl-selfhost,firecrawl,live,heldOut,18,18,0,0,0,18,0.8333,18,1,0,0,0.1667,18,0.8333,18,0.625,12,,0,1,6,1,3,1,3,,0,,0,27595.6,6636.2,18,720.1,6,647.1,1561,12,,0,,0,
firecrawl-selfhost,firecrawl,live,dev,54,51,3,0,0,54,0.9444,54,0.9444,0,0,0,51,1,51,0.6991,36,,0,0.3229,24,1,6,0.2222,18,,0,,0,74850.7,20815.8,51,944,17,823.5,10562.1,34,,0,,0,
firecrawl-hosted,firecrawl,fixture,all,60,0,0,60,0,0,,0,,,,,0,,0,,0,,0,,0,,0,,0,,0,,0,,,0,,0,,,0,,0,,0,
firecrawl-hosted,firecrawl,fixture,heldOut,18,0,0,18,0,0,,0,,,,,0,,0,,0,,0,,0,,0,,0,,0,,0,,,0,,0,,,0,,0,,0,
firecrawl-hosted,firecrawl,fixture,dev,42,0,0,42,0,0,,0,,,,,0,,0,,0,,0,,0,,0,,0,,0,,0,,,0,,0,,,0,,0,,0,
firecrawl-hosted,firecrawl,live,all,72,0,0,72,0,0,,0,,,,,0,,0,,0,,0,,0,,0,,0,,0,,0,,,0,,0,,,0,,0,,0,
firecrawl-hosted,firecrawl,live,heldOut,18,0,0,18,0,0,,0,,,,,0,,0,,0,,0,,0,,0,,0,,0,,0,,,0,,0,,,0,,0,,0,
firecrawl-hosted,firecrawl,live,dev,54,0,0,54,0,0,,0,,,,,0,,0,,0,,0,,0,,0,,0,,0,,0,,,0,,0,,,0,,0,,0,
donsetch,donsetch,fixture,all,60,51,9,0,0,60,1,51,0.85,0,0.05,0,51,1,51,0.9,30,0.822,27,1,27,1,15,1,9,1,9,,0,804.2,205.2,51,4,17,3.6,4233.1,34,,0,,0,
donsetch,donsetch,fixture,heldOut,18,18,0,0,0,18,1,18,1,0,0,0,18,1,18,1,9,0.904,9,1,9,1,6,1,3,,0,,0,526.7,134,18,4.6,6,3.6,4228.3,12,,0,,0,
donsetch,donsetch,fixture,dev,42,33,9,0,0,42,1,33,0.7857,0,0.0714,0,33,1,33,0.8571,21,0.7811,18,1,18,1,9,1,6,1,9,,0,955.5,244,33,4,11,3.5,4233.1,22,,0,,0,
donsetch,donsetch,live,all,72,69,3,0,0,72,0.9167,72,0.9583,0,0.0417,0.0435,69,0.9565,69,0.8,45,,0,0.8667,30,1,9,0.8571,21,,0,,0,37897.4,8902,69,406.2,23,260,946.1,46,,0,,0,
donsetch,donsetch,live,heldOut,18,15,3,0,0,18,0.8333,18,0.8333,0,0.1667,0,15,1,15,0.6667,9,,0,1,6,1,3,1,3,,0,,0,24384.8,5699.8,15,393.9,5,215.6,626.1,10,,0,,0,
donsetch,donsetch,live,dev,54,54,0,0,0,54,0.9444,54,1,0,0,0.0556,54,0.9444,54,0.8333,36,,0,0.8333,24,1,6,0.8333,18,,0,,0,41650.9,9791.5,54,406.2,18,260,968.1,36,,0,,0,
