case_id,dataset,category,held_out,profile,n,ok,usable_rate,passage_recall,tables,code,headings,latency_p50,chars_mean,error_kinds,na_reason
fx-article-basic,fixture,article,false,fetchkeep-http,3,3,1,1,,,1,4.8,1012,,
fx-article-basic,fixture,article,false,fetchkeep-chromium,3,3,1,1,,,1,1054.3,1012,,
fx-article-basic,fixture,article,false,fetchkeep-lightpanda,3,3,1,1,,,1,522.5,1012,,
fx-article-basic,fixture,article,false,fetchkeep-auto,3,3,1,1,,,1,4.9,1012,,
fx-article-basic,fixture,article,false,firecrawl-selfhost,3,3,1,1,,,1,67.8,1171,,
fx-article-basic,fixture,article,false,firecrawl-hosted,3,0,,,,,,,,,unavailable: engine unavailable: FIRECRAWL_API_KEY is not set (×3)
fx-article-basic,fixture,article,false,donsetch,3,3,1,1,,,1,2.8,1141,,
fx-article-long,fixture,article,true,fetchkeep-http,3,3,1,1,,,1,10.2,1084,,
fx-article-long,fixture,article,true,fetchkeep-chromium,3,3,1,1,,,1,1061.8,1084,,
fx-article-long,fixture,article,true,fetchkeep-lightpanda,3,3,1,1,,,1,518.4,1084,,
fx-article-long,fixture,article,true,fetchkeep-auto,3,3,1,1,,,1,5.1,1084,,
fx-article-long,fixture,article,true,firecrawl-selfhost,3,3,1,1,,,1,80.4,1251,,
fx-article-long,fixture,article,true,firecrawl-hosted,3,0,,,,,,,,,unavailable: engine unavailable: FIRECRAWL_API_KEY is not set (×3)
fx-article-long,fixture,article,true,donsetch,3,3,1,1,,,1,2.7,1073,,
fx-docs-install,fixture,docs,false,fetchkeep-http,3,3,1,1,1,1,1,7.4,878,,
fx-docs-install,fixture,docs,false,fetchkeep-chromium,3,3,1,1,1,1,1,1073.9,878,,
fx-docs-install,fixture,docs,false,fetchkeep-lightpanda,3,3,1,1,1,1,1,518.3,878,,
fx-docs-install,fixture,docs,false,fetchkeep-auto,3,3,1,1,1,1,1,5,878,,
fx-docs-install,fixture,docs,false,firecrawl-selfhost,3,3,1,1,1,0.5,1,72.8,941,,
fx-docs-install,fixture,docs,false,firecrawl-hosted,3,0,,,,,,,,,unavailable: engine unavailable: FIRECRAWL_API_KEY is not set (×3)
fx-docs-install,fixture,docs,false,donsetch,3,3,1,1,1,1,1,2.6,963,,
fx-docs-tabs,fixture,docs,true,fetchkeep-http,3,3,1,1,1,1,1,5.9,633,,
fx-docs-tabs,fixture,docs,true,fetchkeep-chromium,3,3,1,1,1,1,1,1049.5,633,,
fx-docs-tabs,fixture,docs,true,fetchkeep-lightpanda,3,3,1,1,1,1,1,517.6,633,,
fx-docs-tabs,fixture,docs,true,fetchkeep-auto,3,3,1,1,1,1,1,9.4,633,,
fx-docs-tabs,fixture,docs,true,firecrawl-selfhost,3,3,1,1,1,0.5,1,76,654,,
fx-docs-tabs,fixture,docs,true,firecrawl-hosted,3,0,,,,,,,,,unavailable: engine unavailable: FIRECRAWL_API_KEY is not set (×3)
fx-docs-tabs,fixture,docs,true,donsetch,3,3,1,1,1,1,1,2.8,718,,
fx-tables,fixture,table,false,fetchkeep-http,3,3,1,1,1,,,6.1,641,,
fx-tables,fixture,table,false,fetchkeep-chromium,3,3,1,1,1,,,1050.3,641,,
fx-tables,fixture,table,false,fetchkeep-lightpanda,3,3,1,1,1,,,520.8,641,,
fx-tables,fixture,table,false,fetchkeep-auto,3,3,1,1,1,,,7.7,641,,
fx-tables,fixture,table,false,firecrawl-selfhost,3,3,1,1,1,,,77.6,831,,
fx-tables,fixture,table,false,firecrawl-hosted,3,0,,,,,,,,,unavailable: engine unavailable: FIRECRAWL_API_KEY is not set (×3)
fx-tables,fixture,table,false,donsetch,3,3,1,1,1,,,3.5,708,,
fx-table-financial,fixture,table,true,fetchkeep-http,3,3,1,1,1,,,5,467,,
fx-table-financial,fixture,table,true,fetchkeep-chromium,3,3,1,1,1,,,1057.7,467,,
fx-table-financial,fixture,table,true,fetchkeep-lightpanda,3,3,1,1,1,,,519.2,467,,
fx-table-financial,fixture,table,true,fetchkeep-auto,3,3,1,1,1,,,4.5,467,,
fx-table-financial,fixture,table,true,firecrawl-selfhost,3,3,1,1,1,,,78.2,578,,
fx-table-financial,fixture,table,true,firecrawl-hosted,3,0,,,,,,,,,unavailable: engine unavailable: FIRECRAWL_API_KEY is not set (×3)
fx-table-financial,fixture,table,true,donsetch,3,3,1,1,1,,,2.9,582,,
fx-code,fixture,code,false,fetchkeep-http,3,3,1,1,,1,1,3.8,724,,
fx-code,fixture,code,false,fetchkeep-chromium,3,3,1,1,,1,1,1055.9,724,,
fx-code,fixture,code,false,fetchkeep-lightpanda,3,3,1,1,,1,1,517.2,724,,
fx-code,fixture,code,false,fetchkeep-auto,3,3,1,1,,1,1,7.9,724,,
fx-code,fixture,code,false,firecrawl-selfhost,3,3,1,1,,0.6667,1,75.3,782,,
fx-code,fixture,code,false,firecrawl-hosted,3,0,,,,,,,,,unavailable: engine unavailable: FIRECRAWL_API_KEY is not set (×3)
fx-code,fixture,code,false,donsetch,3,3,1,1,,1,1,2.9,840,,
fx-nav-heavy,fixture,nav-heavy,false,fetchkeep-http,3,3,1,1,,,1,10.4,579,,
fx-nav-heavy,fixture,nav-heavy,false,fetchkeep-chromium,3,3,1,1,,,1,1064.3,579,,
fx-nav-heavy,fixture,nav-heavy,false,fetchkeep-lightpanda,3,3,1,1,,,1,526.9,579,,
fx-nav-heavy,fixture,nav-heavy,false,fetchkeep-auto,3,3,1,1,,,1,11.9,579,,
fx-nav-heavy,fixture,nav-heavy,false,firecrawl-selfhost,3,3,1,1,,,1,73.8,526,,
fx-nav-heavy,fixture,nav-heavy,false,firecrawl-hosted,3,0,,,,,,,,,unavailable: engine unavailable: FIRECRAWL_API_KEY is not set (×3)
fx-nav-heavy,fixture,nav-heavy,false,donsetch,3,3,1,1,,,1,2.8,4315,,
fx-js-spa,fixture,js,false,fetchkeep-http,3,3,0,0,0,,0,2.9,10,,
fx-js-spa,fixture,js,false,fetchkeep-chromium,3,3,1,1,1,,1,1055,288,,
fx-js-spa,fixture,js,false,fetchkeep-lightpanda,3,3,1,1,1,,1,518.1,288,,
fx-js-spa,fixture,js,false,fetchkeep-auto,3,3,1,1,1,,1,1072.7,288,,
fx-js-spa,fixture,js,false,firecrawl-selfhost,3,0,0,,,,,,,http_error×3,
fx-js-spa,fixture,js,false,firecrawl-hosted,3,0,,,,,,,,,unavailable: engine unavailable: FIRECRAWL_API_KEY is not set (×3)
fx-js-spa,fixture,js,false,donsetch,3,3,1,1,1,,1,4229.9,328,,
fx-js-hydrate,fixture,js,false,fetchkeep-http,3,3,1,1,,,1,4,253,,
fx-js-hydrate,fixture,js,false,fetchkeep-chromium,3,3,1,1,,,1,1050.7,287,,
fx-js-hydrate,fixture,js,false,fetchkeep-lightpanda,3,3,1,1,,,1,520.7,287,,
fx-js-hydrate,fixture,js,false,fetchkeep-auto,3,3,1,1,,,1,8.8,253,,
fx-js-hydrate,fixture,js,false,firecrawl-selfhost,3,3,1,1,,,1,69.2,356,,
fx-js-hydrate,fixture,js,false,firecrawl-hosted,3,0,,,,,,,,,unavailable: engine unavailable: FIRECRAWL_API_KEY is not set (×3)
fx-js-hydrate,fixture,js,false,donsetch,3,3,1,1,,,1,2.6,358,,
fx-js-inline-data,fixture,js,true,fetchkeep-http,3,3,0,0,,,0,3.3,10,,
fx-js-inline-data,fixture,js,true,fetchkeep-chromium,3,3,1,1,,,1,1051,206,,
fx-js-inline-data,fixture,js,true,fetchkeep-lightpanda,3,3,1,1,,,1,516.8,206,,
fx-js-inline-data,fixture,js,true,fetchkeep-auto,3,3,1,1,,,1,1053.9,206,,
fx-js-inline-data,fixture,js,true,firecrawl-selfhost,3,3,1,1,,,1,66.3,230,,
fx-js-inline-data,fixture,js,true,firecrawl-hosted,3,0,,,,,,,,,unavailable: engine unavailable: FIRECRAWL_API_KEY is not set (×3)
fx-js-inline-data,fixture,js,true,donsetch,3,3,1,1,,,1,4234.3,283,,
fx-pdf,fixture,pdf,false,fetchkeep-http,3,3,1,1,,,,6.6,355,,
fx-pdf,fixture,pdf,false,fetchkeep-chromium,3,3,1,1,,,,42.8,355,,
fx-pdf,fixture,pdf,false,fetchkeep-lightpanda,3,3,1,1,,,,521.5,355,,
fx-pdf,fixture,pdf,false,fetchkeep-auto,3,3,1,1,,,,6.2,355,,
fx-pdf,fixture,pdf,false,firecrawl-selfhost,3,3,1,1,,,,15.3,345,,
fx-pdf,fixture,pdf,false,firecrawl-hosted,3,0,,,,,,,,,unavailable: engine unavailable: FIRECRAWL_API_KEY is not set (×3)
fx-pdf,fixture,pdf,false,donsetch,3,3,1,1,,,,23,407,,
fx-pdf-3page,fixture,pdf,true,fetchkeep-http,3,3,1,1,,,,5.1,293,,
fx-pdf-3page,fixture,pdf,true,fetchkeep-chromium,3,3,1,1,,,,44.4,293,,
fx-pdf-3page,fixture,pdf,true,fetchkeep-lightpanda,3,3,1,1,,,,523.4,293,,
fx-pdf-3page,fixture,pdf,true,fetchkeep-auto,3,3,1,1,,,,6.5,293,,
fx-pdf-3page,fixture,pdf,true,firecrawl-selfhost,3,3,1,1,,,,18.9,288,,
fx-pdf-3page,fixture,pdf,true,firecrawl-hosted,3,0,,,,,,,,,unavailable: engine unavailable: FIRECRAWL_API_KEY is not set (×3)
fx-pdf-3page,fixture,pdf,true,donsetch,3,3,1,1,,,,58.5,344,,
fx-plain-text,fixture,plain,false,fetchkeep-http,3,3,1,1,,,,1.6,148,,
fx-plain-text,fixture,plain,false,fetchkeep-chromium,3,3,1,1,,,,1053.5,148,,
fx-plain-text,fixture,plain,false,fetchkeep-lightpanda,3,3,1,1,,,,519.5,148,,
fx-plain-text,fixture,plain,false,fetchkeep-auto,3,3,1,1,,,,2.6,148,,
fx-plain-text,fixture,plain,false,firecrawl-selfhost,3,3,1,1,,,,62,149,,
fx-plain-text,fixture,plain,false,firecrawl-hosted,3,0,,,,,,,,,unavailable: engine unavailable: FIRECRAWL_API_KEY is not set (×3)
fx-plain-text,fixture,plain,false,donsetch,3,3,1,1,,,,1.6,194,,
fx-encoding-latin1,fixture,encoding,true,fetchkeep-http,3,3,1,1,,,,2.8,116,,
fx-encoding-latin1,fixture,encoding,true,fetchkeep-chromium,3,3,1,1,,,,1049.6,116,,
fx-encoding-latin1,fixture,encoding,true,fetchkeep-lightpanda,3,3,1,1,,,,520.1,116,,
fx-encoding-latin1,fixture,encoding,true,fetchkeep-auto,3,3,1,1,,,,4.8,116,,
fx-encoding-latin1,fixture,encoding,true,firecrawl-selfhost,3,3,1,1,,,,63.5,127,,
fx-encoding-latin1,fixture,encoding,true,firecrawl-hosted,3,0,,,,,,,,,unavailable: engine unavailable: FIRECRAWL_API_KEY is not set (×3)
fx-encoding-latin1,fixture,encoding,true,donsetch,3,3,1,1,,,,2.4,160,,
fx-redirect-chain,fixture,redirect,false,fetchkeep-http,3,3,1,1,,,,7.5,1012,,
fx-redirect-chain,fixture,redirect,false,fetchkeep-chromium,3,3,1,1,,,,1070.5,1012,,
fx-redirect-chain,fixture,redirect,false,fetchkeep-lightpanda,3,3,1,1,,,,520.2,1012,,
fx-redirect-chain,fixture,redirect,false,fetchkeep-auto,3,3,1,1,,,,6.4,1012,,
fx-redirect-chain,fixture,redirect,false,firecrawl-selfhost,3,3,1,1,,,,77.9,1171,,
fx-redirect-chain,fixture,redirect,false,firecrawl-hosted,3,0,,,,,,,,,unavailable: engine unavailable: FIRECRAWL_API_KEY is not set (×3)
fx-redirect-chain,fixture,redirect,false,donsetch,3,3,1,1,,,,3.4,1141,,
fx-404,fixture,failure,false,fetchkeep-http,3,0,,,,,,,,http_error×3,
fx-404,fixture,failure,false,fetchkeep-chromium,3,0,,,,,,,,http_error×3,
fx-404,fixture,failure,false,fetchkeep-lightpanda,3,0,,,,,,,,http_error×3,
fx-404,fixture,failure,false,fetchkeep-auto,3,0,,,,,,,,http_error×3,
fx-404,fixture,failure,false,firecrawl-selfhost,3,0,,,,,,,,http_error×3,
fx-404,fixture,failure,false,firecrawl-hosted,3,0,,,,,,,,,unavailable: engine unavailable: FIRECRAWL_API_KEY is not set (×3)
fx-404,fixture,failure,false,donsetch,3,0,,,,,,,,http_error×3,
fx-500,fixture,failure,false,fetchkeep-http,3,0,,,,,,,,http_error×3,
fx-500,fixture,failure,false,fetchkeep-chromium,3,0,,,,,,,,http_error×3,
fx-500,fixture,failure,false,fetchkeep-lightpanda,3,0,,,,,,,,http_error×3,
fx-500,fixture,failure,false,fetchkeep-auto,3,0,,,,,,,,http_error×3,
fx-500,fixture,failure,false,firecrawl-selfhost,3,0,,,,,,,,http_error×3,
fx-500,fixture,failure,false,firecrawl-hosted,3,0,,,,,,,,,unavailable: engine unavailable: FIRECRAWL_API_KEY is not set (×3)
fx-500,fixture,failure,false,donsetch,3,0,,,,,,,,http_error×3,
fx-redirect-loop,fixture,failure,false,fetchkeep-http,3,0,,,,,,,,http_error×3,
fx-redirect-loop,fixture,failure,false,fetchkeep-chromium,3,0,,,,,,,,engine_error×3,
fx-redirect-loop,fixture,failure,false,fetchkeep-lightpanda,3,0,,,,,,,,engine_error×3,
fx-redirect-loop,fixture,failure,false,fetchkeep-auto,3,0,,,,,,,,http_error×3,
fx-redirect-loop,fixture,failure,false,firecrawl-selfhost,3,0,,,,,,,,http_error×3,
fx-redirect-loop,fixture,failure,false,firecrawl-hosted,3,0,,,,,,,,,unavailable: engine unavailable: FIRECRAWL_API_KEY is not set (×3)
fx-redirect-loop,fixture,failure,false,donsetch,3,0,,,,,,,,blocked×3,
fx-slow,fixture,latency,false,fetchkeep-http,3,3,1,1,,,,2506.4,78,,
fx-slow,fixture,latency,false,fetchkeep-chromium,3,3,1,1,,,,3551.8,78,,
fx-slow,fixture,latency,false,fetchkeep-lightpanda,3,3,1,1,,,,3021,78,,
fx-slow,fixture,latency,false,fetchkeep-auto,3,3,1,1,,,,2503,78,,
fx-slow,fixture,latency,false,firecrawl-selfhost,3,3,1,1,,,,2559.5,86,,
fx-slow,fixture,latency,false,firecrawl-hosted,3,0,,,,,,,,,unavailable: engine unavailable: FIRECRAWL_API_KEY is not set (×3)
fx-slow,fixture,latency,false,donsetch,3,3,1,1,,,,2503.4,116,,
live-example-com,live,plain,false,fetchkeep-http,3,3,1,1,,,,131.2,227,,
live-example-com,live,plain,false,fetchkeep-chromium,3,3,1,1,,,,1250.9,976,,
live-example-com,live,plain,false,fetchkeep-lightpanda,3,3,1,1,,,,688.7,976,,
live-example-com,live,plain,false,fetchkeep-auto,3,3,1,1,,,,114.6,227,,
live-example-com,live,plain,false,firecrawl-selfhost,3,3,1,1,,,,237,958,,
live-example-com,live,plain,false,firecrawl-hosted,3,0,,,,,,,,,unavailable: engine unavailable: FIRECRAWL_API_KEY is not set (×3)
live-example-com,live,plain,false,donsetch,3,3,1,1,,,,38.4,195,,
live-wikipedia-markdown,live,article,false,fetchkeep-http,3,3,1,1,,,1,430.1,55446,,
live-wikipedia-markdown,live,article,false,fetchkeep-chromium,3,3,1,1,,,1,1846.3,56002,,
live-wikipedia-markdown,live,article,false,fetchkeep-lightpanda,3,3,1,1,,,1,1236.6,56002,,
live-wikipedia-markdown,live,article,false,fetchkeep-auto,3,3,1,1,,,1,371.5,55446,,
live-wikipedia-markdown,live,article,false,firecrawl-selfhost,3,3,1,1,,,1,750.1,57902,,
live-wikipedia-markdown,live,article,false,firecrawl-hosted,3,0,,,,,,,,,unavailable: engine unavailable: FIRECRAWL_API_KEY is not set (×3)
live-wikipedia-markdown,live,article,false,donsetch,3,3,1,1,,,1,74,24817,,
live-paulgraham-great-work,live,article,true,fetchkeep-http,3,3,1,1,,,,747.6,73149,,
live-paulgraham-great-work,live,article,true,fetchkeep-chromium,3,3,1,1,,,,1867.8,73150,,
live-paulgraham-great-work,live,article,true,fetchkeep-lightpanda,3,3,1,1,,,,1373.3,73150,,
live-paulgraham-great-work,live,article,true,fetchkeep-auto,3,3,1,1,,,,2048,73149,,
live-paulgraham-great-work,live,article,true,firecrawl-selfhost,3,3,1,1,,,,1515.6,70005.7,,
live-paulgraham-great-work,live,article,true,firecrawl-hosted,3,0,,,,,,,,,unavailable: engine unavailable: FIRECRAWL_API_KEY is not set (×3)
live-paulgraham-great-work,live,article,true,donsetch,3,3,1,1,,,,626.8,67137,,
live-rust-blog-1-0,live,news,false,fetchkeep-http,3,3,1,1,,,1,111.5,9180,,
live-rust-blog-1-0,live,news,false,fetchkeep-chromium,3,3,1,1,,,1,1315.6,9180,,
live-rust-blog-1-0,live,news,false,fetchkeep-lightpanda,3,3,1,1,,,1,649.9,9180,,
live-rust-blog-1-0,live,news,false,fetchkeep-auto,3,3,1,1,,,1,115.3,9180,,
live-rust-blog-1-0,live,news,false,firecrawl-selfhost,3,3,1,1,,,0,666,9889,,
live-rust-blog-1-0,live,news,false,firecrawl-hosted,3,0,,,,,,,,,unavailable: engine unavailable: FIRECRAWL_API_KEY is not set (×3)
live-rust-blog-1-0,live,news,false,donsetch,3,3,1,1,,,0.6667,29.8,8157,,
live-mdn-array-map,live,docs,false,fetchkeep-http,3,3,1,1,,1,1,171.2,13573,,
live-mdn-array-map,live,docs,false,fetchkeep-chromium,3,3,1,1,,0,1,2049.8,9968,,
live-mdn-array-map,live,docs,false,fetchkeep-lightpanda,3,3,1,1,,0,1,907.1,9968,,
live-mdn-array-map,live,docs,false,fetchkeep-auto,3,3,1,1,,1,1,173.6,13573,,
live-mdn-array-map,live,docs,false,firecrawl-selfhost,3,3,1,1,,0.3333,0.3333,701.6,14664,,
live-mdn-array-map,live,docs,false,firecrawl-hosted,3,0,,,,,,,,,unavailable: engine unavailable: FIRECRAWL_API_KEY is not set (×3)
live-mdn-array-map,live,docs,false,donsetch,3,3,1,1,,1,1,34.6,9285,,
live-python-json,live,docs,false,fetchkeep-http,3,3,1,1,,1,1,252.6,33265,,
live-python-json,live,docs,false,fetchkeep-chromium,3,3,1,1,,1,1,1508.2,33265,,
live-python-json,live,docs,false,fetchkeep-lightpanda,3,3,1,1,,1,1,853.6,33265,,
live-python-json,live,docs,false,fetchkeep-auto,3,3,1,1,,1,1,280.5,33265,,
live-python-json,live,docs,false,firecrawl-selfhost,3,3,1,1,,0,0,445.3,42557,,
live-python-json,live,docs,false,firecrawl-hosted,3,0,,,,,,,,,unavailable: engine unavailable: FIRECRAWL_API_KEY is not set (×3)
live-python-json,live,docs,false,donsetch,3,3,1,1,,1,0,37.4,25066,,
live-nodejs-path,live,docs,true,fetchkeep-http,3,3,1,1,,1,1,238.8,20526,,
live-nodejs-path,live,docs,true,fetchkeep-chromium,3,3,1,1,,1,1,1580.3,19952,,
live-nodejs-path,live,docs,true,fetchkeep-lightpanda,3,3,1,1,,1,1,814.2,19952,,
live-nodejs-path,live,docs,true,fetchkeep-auto,3,3,1,1,,1,1,253.5,20526,,
live-nodejs-path,live,docs,true,firecrawl-selfhost,3,3,1,1,,1,1,518.9,27834,,
live-nodejs-path,live,docs,true,firecrawl-hosted,3,0,,,,,,,,,unavailable: engine unavailable: FIRECRAWL_API_KEY is not set (×3)
live-nodejs-path,live,docs,true,donsetch,3,3,1,1,,1,1,56.1,15518,,
live-rust-book-control-flow,live,docs,false,fetchkeep-http,3,3,1,1,,1,1,121.5,19939,,
live-rust-book-control-flow,live,docs,false,fetchkeep-chromium,3,3,1,1,,1,1,2164.4,32154,,
live-rust-book-control-flow,live,docs,false,fetchkeep-lightpanda,3,3,1,1,,1,1,758.9,32154,,
live-rust-book-control-flow,live,docs,false,fetchkeep-auto,3,3,1,1,,1,1,136.9,19939,,
live-rust-book-control-flow,live,docs,false,firecrawl-selfhost,3,3,1,1,,0,0,416.7,18943,,
live-rust-book-control-flow,live,docs,false,firecrawl-hosted,3,0,,,,,,,,,unavailable: engine unavailable: FIRECRAWL_API_KEY is not set (×3)
live-rust-book-control-flow,live,docs,false,donsetch,3,3,1,1,,1,1,355.4,17208,,
live-react-thinking-in-react,live,docs,false,fetchkeep-http,3,3,1,1,,1,1,337.1,21181,,
live-react-thinking-in-react,live,docs,false,fetchkeep-chromium,3,3,1,1,,1,1,2186.4,21181,,
live-react-thinking-in-react,live,docs,false,fetchkeep-lightpanda,3,3,1,1,,0,1,1643.1,13909,,
live-react-thinking-in-react,live,docs,false,fetchkeep-auto,3,3,1,1,,1,1,392.7,21181,,
live-react-thinking-in-react,live,docs,false,firecrawl-selfhost,3,3,1,1,,0,0,742.9,25222,,
live-react-thinking-in-react,live,docs,false,firecrawl-hosted,3,0,,,,,,,,,unavailable: engine unavailable: FIRECRAWL_API_KEY is not set (×3)
live-react-thinking-in-react,live,docs,false,donsetch,3,3,1,1,,1,1,178,21312,,
live-wikipedia-chemical-elements,live,table,false,fetchkeep-http,3,3,1,1,1,,,510.7,92661,,
live-wikipedia-chemical-elements,live,table,false,fetchkeep-chromium,3,3,1,1,1,,,2137.2,94035,,
live-wikipedia-chemical-elements,live,table,false,fetchkeep-lightpanda,3,3,1,1,1,,,1296.9,94035,,
live-wikipedia-chemical-elements,live,table,false,fetchkeep-auto,3,3,1,1,1,,,541.3,92661,,
live-wikipedia-chemical-elements,live,table,false,firecrawl-selfhost,3,3,1,1,1,,,8622.9,95175.7,,
live-wikipedia-chemical-elements,live,table,false,firecrawl-hosted,3,0,,,,,,,,,unavailable: engine unavailable: FIRECRAWL_API_KEY is not set (×3)
live-wikipedia-chemical-elements,live,table,false,donsetch,3,3,1,1,1,,,78.7,14762,,
live-rfc9110-http-semantics,live,table,false,fetchkeep-http,3,3,1,1,1,,,1344.9,750166,,
live-rfc9110-http-semantics,live,table,false,fetchkeep-chromium,3,3,1,1,1,,,3092.7,750949,,
live-rfc9110-http-semantics,live,table,false,fetchkeep-lightpanda,3,3,1,1,1,,,2024.2,750949,,
live-rfc9110-http-semantics,live,table,false,fetchkeep-auto,3,3,1,1,1,,,1271.8,750166,,
live-rfc9110-http-semantics,live,table,false,firecrawl-selfhost,3,3,1,1,1,,,1947.1,768865.7,,
live-rfc9110-http-semantics,live,table,false,firecrawl-hosted,3,0,,,,,,,,,unavailable: engine unavailable: FIRECRAWL_API_KEY is not set (×3)
live-rfc9110-http-semantics,live,table,false,donsetch,3,3,1,1,1,,,389.9,422040,,
live-iana-http-status-codes,live,table,true,fetchkeep-http,3,3,1,1,1,,1,137.6,7561,,
live-iana-http-status-codes,live,table,true,fetchkeep-chromium,3,3,1,1,1,,1,1358.5,7744,,
live-iana-http-status-codes,live,table,true,fetchkeep-lightpanda,3,3,1,1,1,,1,676.2,7561,,
live-iana-http-status-codes,live,table,true,fetchkeep-auto,3,3,1,1,1,,1,145.9,7561,,
live-iana-http-status-codes,live,table,true,firecrawl-selfhost,3,3,1,1,1,,1,593.4,8111,,
live-iana-http-status-codes,live,table,true,firecrawl-hosted,3,0,,,,,,,,,unavailable: engine unavailable: FIRECRAWL_API_KEY is not set (×3)
live-iana-http-status-codes,live,table,true,donsetch,3,3,1,1,1,,1,38.6,2861,,
live-books-toscrape,live,nav-heavy,false,fetchkeep-http,3,3,1,1,,,,568.3,8586,,
live-books-toscrape,live,nav-heavy,false,fetchkeep-chromium,3,3,1,1,,,,1988.6,8586,,
live-books-toscrape,live,nav-heavy,false,fetchkeep-lightpanda,3,3,1,1,,,,1311.1,8586,,
live-books-toscrape,live,nav-heavy,false,fetchkeep-auto,3,3,1,1,,,,553.6,8586,,
live-books-toscrape,live,nav-heavy,false,firecrawl-selfhost,3,3,1,1,,,,913.3,9222,,
live-books-toscrape,live,nav-heavy,false,firecrawl-hosted,3,0,,,,,,,,,unavailable: engine unavailable: FIRECRAWL_API_KEY is not set (×3)
live-books-toscrape,live,nav-heavy,false,donsetch,3,3,1,1,,,,454.3,1768,,
live-python-library-index,live,nav-heavy,true,fetchkeep-http,3,3,1,1,,,,213.5,28476,,
live-python-library-index,live,nav-heavy,true,fetchkeep-chromium,3,3,1,1,,,,1385.3,28476,,
live-python-library-index,live,nav-heavy,true,fetchkeep-lightpanda,3,3,1,1,,,,766.1,28476,,
live-python-library-index,live,nav-heavy,true,fetchkeep-auto,3,3,1,1,,,,197.4,28476,,
live-python-library-index,live,nav-heavy,true,firecrawl-selfhost,3,3,1,1,,,,398.6,34711,,
live-python-library-index,live,nav-heavy,true,firecrawl-hosted,3,0,,,,,,,,,unavailable: engine unavailable: FIRECRAWL_API_KEY is not set (×3)
live-python-library-index,live,nav-heavy,true,donsetch,3,3,1,1,,,,28.1,13872,,
live-quotes-toscrape-js,live,js,false,fetchkeep-http,3,3,0,0,,,,358.9,94,,
live-quotes-toscrape-js,live,js,false,fetchkeep-chromium,3,3,1,1,,,,1839.6,1525,,
live-quotes-toscrape-js,live,js,false,fetchkeep-lightpanda,3,3,1,1,,,,1138.1,1525,,
live-quotes-toscrape-js,live,js,false,fetchkeep-auto,3,3,1,1,,,,2190.7,1525,,
live-quotes-toscrape-js,live,js,false,firecrawl-selfhost,3,3,1,1,,,,907.4,1574,,
live-quotes-toscrape-js,live,js,false,firecrawl-hosted,3,0,,,,,,,,,unavailable: engine unavailable: FIRECRAWL_API_KEY is not set (×3)
live-quotes-toscrape-js,live,js,false,donsetch,3,3,1,1,,,,4465.2,1491,,
live-quotes-toscrape-js-delayed,live,js,true,fetchkeep-http,3,3,0,0,,,,371.1,94,,
live-quotes-toscrape-js-delayed,live,js,true,fetchkeep-chromium,3,3,0,0,,,,1831.9,94,,
live-quotes-toscrape-js-delayed,live,js,true,fetchkeep-lightpanda,3,3,0,0,,,,1101.9,94,,
live-quotes-toscrape-js-delayed,live,js,true,fetchkeep-auto,3,3,0,0,,,,2284.6,94,,
live-quotes-toscrape-js-delayed,live,js,true,firecrawl-selfhost,3,3,0,0,,,,964.2,143,,
live-quotes-toscrape-js-delayed,live,js,true,firecrawl-hosted,3,0,,,,,,,,,unavailable: engine unavailable: FIRECRAWL_API_KEY is not set (×3)
live-quotes-toscrape-js-delayed,live,js,true,donsetch,3,0,0,,,,,,,blocked×3,
live-crates-io-serde,live,js,false,fetchkeep-http,3,3,0,0,,,,345.8,34,,
live-crates-io-serde,live,js,false,fetchkeep-chromium,3,3,1,1,,,,2108.2,2455,,
live-crates-io-serde,live,js,false,fetchkeep-lightpanda,3,3,0.6667,0.6667,,,,1039.3,3201,,
live-crates-io-serde,live,js,false,fetchkeep-auto,3,3,1,1,,,,2543.9,2455,,
live-crates-io-serde,live,js,false,firecrawl-selfhost,3,0,0,,,,,,,http_error×3,
live-crates-io-serde,live,js,false,firecrawl-hosted,3,0,,,,,,,,,unavailable: engine unavailable: FIRECRAWL_API_KEY is not set (×3)
live-crates-io-serde,live,js,false,donsetch,3,3,0,0,,,,467.6,570,,
live-arxiv-attention-pdf,live,pdf,false,fetchkeep-http,3,3,1,1,,,,849.1,39872,,
live-arxiv-attention-pdf,live,pdf,false,fetchkeep-chromium,3,3,1,1,,,,1020.8,39872,,
live-arxiv-attention-pdf,live,pdf,false,fetchkeep-lightpanda,3,3,1,1,,,,1580.3,39872,,
live-arxiv-attention-pdf,live,pdf,false,fetchkeep-auto,3,3,1,1,,,,818.5,39872,,
live-arxiv-attention-pdf,live,pdf,false,firecrawl-selfhost,3,3,1,1,,,,800.3,39719,,
live-arxiv-attention-pdf,live,pdf,false,firecrawl-hosted,3,0,,,,,,,,,unavailable: engine unavailable: FIRECRAWL_API_KEY is not set (×3)
live-arxiv-attention-pdf,live,pdf,false,donsetch,3,3,1,1,,,,261.4,39118,,
live-rfc9309-pdf,live,pdf,true,fetchkeep-http,3,3,1,1,,,,406.2,22419,,
live-rfc9309-pdf,live,pdf,true,fetchkeep-chromium,3,3,1,1,,,,725.9,22419,,
live-rfc9309-pdf,live,pdf,true,fetchkeep-lightpanda,3,3,1,1,,,,1261.7,22419,,
live-rfc9309-pdf,live,pdf,true,fetchkeep-auto,3,3,1,1,,,,399.1,22419,,
live-rfc9309-pdf,live,pdf,true,firecrawl-selfhost,3,3,1,1,,,,348.5,24769,,
live-rfc9309-pdf,live,pdf,true,firecrawl-hosted,3,0,,,,,,,,,unavailable: engine unavailable: FIRECRAWL_API_KEY is not set (×3)
live-rfc9309-pdf,live,pdf,true,donsetch,3,3,1,1,,,,249.6,22536,,
live-rfc9309-txt,live,plain,false,fetchkeep-http,3,3,1,1,,,,283.6,25251,,
live-rfc9309-txt,live,plain,false,fetchkeep-chromium,3,3,1,1,,,,1574.6,25251,,
live-rfc9309-txt,live,plain,false,fetchkeep-lightpanda,3,3,1,1,,,,1070.6,25251,,
live-rfc9309-txt,live,plain,false,fetchkeep-auto,3,3,1,1,,,,255.4,25251,,
live-rfc9309-txt,live,plain,false,firecrawl-selfhost,3,3,1,1,,,,357.8,25260,,
live-rfc9309-txt,live,plain,false,firecrawl-hosted,3,0,,,,,,,,,unavailable: engine unavailable: FIRECRAWL_API_KEY is not set (×3)
live-rfc9309-txt,live,plain,false,donsetch,3,3,1,1,,,,216.5,25304,,
live-github-flask-readme,live,code,false,fetchkeep-http,3,3,1,1,,1,1,736.5,6413,,
live-github-flask-readme,live,code,false,fetchkeep-chromium,3,3,1,1,,1,1,3128,17464,,
live-github-flask-readme,live,code,false,fetchkeep-lightpanda,3,3,1,1,,1,1,1803,16478.7,,
live-github-flask-readme,live,code,false,fetchkeep-auto,3,3,1,1,,1,1,758.8,6413,,
live-github-flask-readme,live,code,false,firecrawl-selfhost,3,3,1,1,,1,1,1874.9,7849,,
live-github-flask-readme,live,code,false,firecrawl-hosted,3,0,,,,,,,,,unavailable: engine unavailable: FIRECRAWL_API_KEY is not set (×3)
live-github-flask-readme,live,code,false,donsetch,3,3,1,1,,0,1,616.1,4976,,
live-go-effective-go,live,docs,false,fetchkeep-http,3,3,1,1,,1,1,397,102567,,
live-go-effective-go,live,docs,false,fetchkeep-chromium,3,3,1,1,,1,1,2287.7,106513,,
live-go-effective-go,live,docs,false,fetchkeep-lightpanda,3,3,1,1,,1,1,1356.7,106513,,
live-go-effective-go,live,docs,false,fetchkeep-auto,3,3,1,1,,1,1,393.5,102567,,
live-go-effective-go,live,docs,false,firecrawl-selfhost,3,3,1,1,,0,0.25,883.7,106105,,
live-go-effective-go,live,docs,false,firecrawl-hosted,3,0,,,,,,,,,unavailable: engine unavailable: FIRECRAWL_API_KEY is not set (×3)
live-go-effective-go,live,docs,false,donsetch,3,3,1,1,,1,1,531.2,101791,,
live-hn-dropbox-thread,live,forum,false,fetchkeep-http,3,3,1,1,,,,1179.2,50773,,
live-hn-dropbox-thread,live,forum,false,fetchkeep-chromium,3,3,1,1,,,,2520.6,50773,,
live-hn-dropbox-thread,live,forum,false,fetchkeep-lightpanda,3,3,1,1,,,,1884.6,50773,,
live-hn-dropbox-thread,live,forum,false,fetchkeep-auto,3,3,1,1,,,,1201.8,50773,,
live-hn-dropbox-thread,live,forum,false,firecrawl-selfhost,3,3,1,1,,,,1427.4,61784,,
live-hn-dropbox-thread,live,forum,false,firecrawl-hosted,3,0,,,,,,,,,unavailable: engine unavailable: FIRECRAWL_API_KEY is not set (×3)
live-hn-dropbox-thread,live,forum,false,donsetch,3,3,1,1,,,,945.3,27412,,
live-hn-guidelines,live,reference,false,fetchkeep-http,3,3,1,1,,,,543,5416,,
live-hn-guidelines,live,reference,false,fetchkeep-chromium,3,3,1,1,,,,1764.1,5416,,
live-hn-guidelines,live,reference,false,fetchkeep-lightpanda,3,3,1,1,,,,1053.6,5416,,
live-hn-guidelines,live,reference,false,fetchkeep-auto,3,3,1,1,,,,543.3,5416,,
live-hn-guidelines,live,reference,false,firecrawl-selfhost,3,3,1,1,,,,781.9,5199,,
live-hn-guidelines,live,reference,false,firecrawl-hosted,3,0,,,,,,,,,unavailable: engine unavailable: FIRECRAWL_API_KEY is not set (×3)
live-hn-guidelines,live,reference,false,donsetch,3,3,1,1,,,,171.1,4445,,
