a,b,dataset,matched_cases,matched_attempts,a_errors,b_errors,only_a_attempted,only_b_attempted,metric,value,ci_low,ci_high,cases,attempts
fetchkeep-http,fetchkeep-chromium,fixture,20,140,21,21,0,0,aUsable,0.8823529411764706,0.7058823529411765,1,17,119
fetchkeep-http,fetchkeep-chromium,fixture,20,140,21,21,0,0,bUsable,1,1,1,17,119
fetchkeep-http,fetchkeep-chromium,fixture,20,140,21,21,0,0,usableDifference,-0.11764705882352941,-0.29411764705882354,0,17,119
fetchkeep-http,fetchkeep-chromium,fixture,20,140,21,21,0,0,aWarmP50,5.9,4.7,7.7,17,102
fetchkeep-http,fetchkeep-chromium,fixture,20,140,21,21,0,0,bWarmP50,583.2,575.6,591.8,17,102
fetchkeep-http,fetchkeep-chromium,fixture,20,140,21,21,0,0,warmDeltaP50,-574.6999999999999,-581.1,-569.4,17,102
fetchkeep-http,fetchkeep-chromium,fixture,20,140,21,21,0,0,warmRatioP50,0.010197144799456152,0.008374636814219792,0.014067593069137073,17,102
fetchkeep-http,fetchkeep-lightpanda,fixture,20,140,21,21,0,0,aUsable,0.8823529411764706,0.7058823529411765,1,17,119
fetchkeep-http,fetchkeep-lightpanda,fixture,20,140,21,21,0,0,bUsable,1,1,1,17,119
fetchkeep-http,fetchkeep-lightpanda,fixture,20,140,21,21,0,0,usableDifference,-0.11764705882352941,-0.29411764705882354,0,17,119
fetchkeep-http,fetchkeep-lightpanda,fixture,20,140,21,21,0,0,aWarmP50,5.9,4.7,7.7,17,102
fetchkeep-http,fetchkeep-lightpanda,fixture,20,140,21,21,0,0,bWarmP50,531.4,527.9,536.7,17,102
fetchkeep-http,fetchkeep-lightpanda,fixture,20,140,21,21,0,0,warmDeltaP50,-524.4,-527.4,-521.6,17,102
fetchkeep-http,fetchkeep-lightpanda,fixture,20,140,21,21,0,0,warmRatioP50,0.009382623381497467,0.006956194773453658,0.013068286397938524,17,102
fetchkeep-http,fetchkeep-auto,fixture,20,140,21,21,0,0,aUsable,0.8823529411764706,0.7058823529411765,1,17,119
fetchkeep-http,fetchkeep-auto,fixture,20,140,21,21,0,0,bUsable,1,1,1,17,119
fetchkeep-http,fetchkeep-auto,fixture,20,140,21,21,0,0,usableDifference,-0.11764705882352941,-0.29411764705882354,0,17,119
fetchkeep-http,fetchkeep-auto,fixture,20,140,21,21,0,0,aWarmP50,5.9,4.7,7.7,17,102
fetchkeep-http,fetchkeep-auto,fixture,20,140,21,21,0,0,bWarmP50,6.2,4.7,8.6,17,102
fetchkeep-http,fetchkeep-auto,fixture,20,140,21,21,0,0,warmDeltaP50,-0.2999999999999998,-0.6000000000000005,0.20000000000000018,17,102
fetchkeep-http,fetchkeep-auto,fixture,20,140,21,21,0,0,warmRatioP50,0.9622641509433962,0.8888888888888888,1.0273972602739727,17,102
fetchkeep-http,firecrawl-selfhost,fixture,20,140,21,27,0,0,aUsable,0.8823529411764706,0.7058823529411765,1,17,119
fetchkeep-http,firecrawl-selfhost,fixture,20,140,21,27,0,0,bUsable,0.9495798319327731,0.8487394957983193,1,17,119
fetchkeep-http,firecrawl-selfhost,fixture,20,140,21,27,0,0,usableDifference,-0.06722689075630252,-0.18487394957983194,0,17,119
fetchkeep-http,firecrawl-selfhost,fixture,20,140,21,27,0,0,aWarmP50,6,4.9,7.7,17,97
fetchkeep-http,firecrawl-selfhost,fixture,20,140,21,27,0,0,bWarmP50,89.4,78.1,96.9,17,97
fetchkeep-http,firecrawl-selfhost,fixture,20,140,21,27,0,0,warmDeltaP50,-82.5,-85.69999999999999,-71.60000000000001,17,97
fetchkeep-http,firecrawl-selfhost,fixture,20,140,21,27,0,0,warmRatioP50,0.06360792492179353,0.05730337078651685,0.1053763440860215,17,97
fetchkeep-http,firecrawl-hosted,fixture,0,0,0,0,140,0,aUsable,,,,0,0
fetchkeep-http,firecrawl-hosted,fixture,0,0,0,0,140,0,bUsable,,,,0,0
fetchkeep-http,firecrawl-hosted,fixture,0,0,0,0,140,0,usableDifference,,,,0,0
fetchkeep-http,firecrawl-hosted,fixture,0,0,0,0,140,0,aWarmP50,,,,0,0
fetchkeep-http,firecrawl-hosted,fixture,0,0,0,0,140,0,bWarmP50,,,,0,0
fetchkeep-http,firecrawl-hosted,fixture,0,0,0,0,140,0,warmDeltaP50,,,,0,0
fetchkeep-http,firecrawl-hosted,fixture,0,0,0,0,140,0,warmRatioP50,,,,0,0
fetchkeep-http,donsetch,fixture,20,140,21,21,0,0,aUsable,0.8823529411764706,0.7058823529411765,1,17,119
fetchkeep-http,donsetch,fixture,20,140,21,21,0,0,bUsable,1,1,1,17,119
fetchkeep-http,donsetch,fixture,20,140,21,21,0,0,usableDifference,-0.11764705882352941,-0.29411764705882354,0,17,119
fetchkeep-http,donsetch,fixture,20,140,21,21,0,0,aWarmP50,5.9,4.7,7.7,17,102
fetchkeep-http,donsetch,fixture,20,140,21,21,0,0,bWarmP50,3.5,3.3,5,17,102
fetchkeep-http,donsetch,fixture,20,140,21,21,0,0,warmDeltaP50,1.0999999999999996,0.10000000000000009,2.0999999999999996,17,102
fetchkeep-http,donsetch,fixture,20,140,21,21,0,0,warmRatioP50,1.3142857142857143,1.0001997363480206,1.5625,17,102
fetchkeep-chromium,fetchkeep-lightpanda,fixture,20,140,21,21,0,0,aUsable,1,1,1,17,119
fetchkeep-chromium,fetchkeep-lightpanda,fixture,20,140,21,21,0,0,bUsable,1,1,1,17,119
fetchkeep-chromium,fetchkeep-lightpanda,fixture,20,140,21,21,0,0,usableDifference,0,0,0,17,119
fetchkeep-chromium,fetchkeep-lightpanda,fixture,20,140,21,21,0,0,aWarmP50,583.2,575.6,591.8,17,102
fetchkeep-chromium,fetchkeep-lightpanda,fixture,20,140,21,21,0,0,bWarmP50,531.4,527.9,536.7,17,102
fetchkeep-chromium,fetchkeep-lightpanda,fixture,20,140,21,21,0,0,warmDeltaP50,50.60000000000002,45.5,58.10000000000002,17,102
fetchkeep-chromium,fetchkeep-lightpanda,fixture,20,140,21,21,0,0,warmRatioP50,1.0931345481317873,1.0796910324039188,1.1092794962030006,17,102
fetchkeep-chromium,fetchkeep-auto,fixture,20,140,21,21,0,0,aUsable,1,1,1,17,119
fetchkeep-chromium,fetchkeep-auto,fixture,20,140,21,21,0,0,bUsable,1,1,1,17,119
fetchkeep-chromium,fetchkeep-auto,fixture,20,140,21,21,0,0,usableDifference,0,0,0,17,119
fetchkeep-chromium,fetchkeep-auto,fixture,20,140,21,21,0,0,aWarmP50,583.2,575.6,591.8,17,102
fetchkeep-chromium,fetchkeep-auto,fixture,20,140,21,21,0,0,bWarmP50,6.2,4.7,8.6,17,102
fetchkeep-chromium,fetchkeep-auto,fixture,20,140,21,21,0,0,warmDeltaP50,572.1,557.5,577.4,17,102
fetchkeep-chromium,fetchkeep-auto,fixture,20,140,21,21,0,0,warmRatioP50,89.546875,8.786666666666667,126.36170212765957,17,102
fetchkeep-chromium,firecrawl-selfhost,fixture,20,140,21,27,0,0,aUsable,1,1,1,17,119
fetchkeep-chromium,firecrawl-selfhost,fixture,20,140,21,27,0,0,bUsable,0.9495798319327731,0.8487394957983193,1,17,119
fetchkeep-chromium,firecrawl-selfhost,fixture,20,140,21,27,0,0,usableDifference,0.05042016806722689,0,0.15126050420168066,17,119
fetchkeep-chromium,firecrawl-selfhost,fixture,20,140,21,27,0,0,aWarmP50,584.1,575.7,596.8,17,97
fetchkeep-chromium,firecrawl-selfhost,fixture,20,140,21,27,0,0,bWarmP50,89.4,78.1,96.9,17,97
fetchkeep-chromium,firecrawl-selfhost,fixture,20,140,21,27,0,0,warmDeltaP50,494.50000000000006,481.4,497.9,17,97
fetchkeep-chromium,firecrawl-selfhost,fixture,20,140,21,27,0,0,warmRatioP50,6.064650677789364,5.031681559707555,6.579954954954955,17,97
fetchkeep-chromium,firecrawl-hosted,fixture,0,0,0,0,140,0,aUsable,,,,0,0
fetchkeep-chromium,firecrawl-hosted,fixture,0,0,0,0,140,0,bUsable,,,,0,0
fetchkeep-chromium,firecrawl-hosted,fixture,0,0,0,0,140,0,usableDifference,,,,0,0
fetchkeep-chromium,firecrawl-hosted,fixture,0,0,0,0,140,0,aWarmP50,,,,0,0
fetchkeep-chromium,firecrawl-hosted,fixture,0,0,0,0,140,0,bWarmP50,,,,0,0
fetchkeep-chromium,firecrawl-hosted,fixture,0,0,0,0,140,0,warmDeltaP50,,,,0,0
fetchkeep-chromium,firecrawl-hosted,fixture,0,0,0,0,140,0,warmRatioP50,,,,0,0
fetchkeep-chromium,donsetch,fixture,20,140,21,21,0,0,aUsable,1,1,1,17,119
fetchkeep-chromium,donsetch,fixture,20,140,21,21,0,0,bUsable,1,1,1,17,119
fetchkeep-chromium,donsetch,fixture,20,140,21,21,0,0,usableDifference,0,0,0,17,119
fetchkeep-chromium,donsetch,fixture,20,140,21,21,0,0,aWarmP50,583.2,575.6,591.8,17,102
fetchkeep-chromium,donsetch,fixture,20,140,21,21,0,0,bWarmP50,3.5,3.3,5,17,102
fetchkeep-chromium,donsetch,fixture,20,140,21,21,0,0,warmDeltaP50,574.7,569.5999999999999,581.4,17,102
fetchkeep-chromium,donsetch,fixture,20,140,21,21,0,0,warmRatioP50,165.77777777777777,88.21621621621621,180.94117647058826,17,102
fetchkeep-lightpanda,fetchkeep-auto,fixture,20,140,21,21,0,0,aUsable,1,1,1,17,119
fetchkeep-lightpanda,fetchkeep-auto,fixture,20,140,21,21,0,0,bUsable,1,1,1,17,119
fetchkeep-lightpanda,fetchkeep-auto,fixture,20,140,21,21,0,0,usableDifference,0,0,0,17,119
fetchkeep-lightpanda,fetchkeep-auto,fixture,20,140,21,21,0,0,aWarmP50,531.4,527.9,536.7,17,102
fetchkeep-lightpanda,fetchkeep-auto,fixture,20,140,21,21,0,0,bWarmP50,6.2,4.7,8.6,17,102
fetchkeep-lightpanda,fetchkeep-auto,fixture,20,140,21,21,0,0,warmDeltaP50,522.9000000000001,519.5,526.2,17,102
fetchkeep-lightpanda,fetchkeep-auto,fixture,20,140,21,21,0,0,warmRatioP50,92.24137931034483,65.04878048780488,127.09756097560977,17,102
fetchkeep-lightpanda,firecrawl-selfhost,fixture,20,140,21,27,0,0,aUsable,1,1,1,17,119
fetchkeep-lightpanda,firecrawl-selfhost,fixture,20,140,21,27,0,0,bUsable,0.9495798319327731,0.8487394957983193,1,17,119
fetchkeep-lightpanda,firecrawl-selfhost,fixture,20,140,21,27,0,0,usableDifference,0.05042016806722689,0,0.15126050420168066,17,119
fetchkeep-lightpanda,firecrawl-selfhost,fixture,20,140,21,27,0,0,aWarmP50,531.9,527.9,537.7,17,97
fetchkeep-lightpanda,firecrawl-selfhost,fixture,20,140,21,27,0,0,bWarmP50,89.4,78.1,96.9,17,97
fetchkeep-lightpanda,firecrawl-selfhost,fixture,20,140,21,27,0,0,warmDeltaP50,445.6,436.2000000000003,452.2,17,97
fetchkeep-lightpanda,firecrawl-selfhost,fixture,20,140,21,27,0,0,warmRatioP50,5.923595505617978,5.458811261730969,6.810432569974554,17,97
fetchkeep-lightpanda,firecrawl-hosted,fixture,0,0,0,0,140,0,aUsable,,,,0,0
fetchkeep-lightpanda,firecrawl-hosted,fixture,0,0,0,0,140,0,bUsable,,,,0,0
fetchkeep-lightpanda,firecrawl-hosted,fixture,0,0,0,0,140,0,usableDifference,,,,0,0
fetchkeep-lightpanda,firecrawl-hosted,fixture,0,0,0,0,140,0,aWarmP50,,,,0,0
fetchkeep-lightpanda,firecrawl-hosted,fixture,0,0,0,0,140,0,bWarmP50,,,,0,0
fetchkeep-lightpanda,firecrawl-hosted,fixture,0,0,0,0,140,0,warmDeltaP50,,,,0,0
fetchkeep-lightpanda,firecrawl-hosted,fixture,0,0,0,0,140,0,warmRatioP50,,,,0,0
fetchkeep-lightpanda,donsetch,fixture,20,140,21,21,0,0,aUsable,1,1,1,17,119
fetchkeep-lightpanda,donsetch,fixture,20,140,21,21,0,0,bUsable,1,1,1,17,119
fetchkeep-lightpanda,donsetch,fixture,20,140,21,21,0,0,usableDifference,0,0,0,17,119
fetchkeep-lightpanda,donsetch,fixture,20,140,21,21,0,0,aWarmP50,531.4,527.9,536.7,17,102
fetchkeep-lightpanda,donsetch,fixture,20,140,21,21,0,0,bWarmP50,3.5,3.3,5,17,102
fetchkeep-lightpanda,donsetch,fixture,20,140,21,21,0,0,warmDeltaP50,526.9,522.6,530.4000000000001,17,102
fetchkeep-lightpanda,donsetch,fixture,20,140,21,21,0,0,warmRatioP50,149.85714285714286,94.31162790697675,161.72727272727275,17,102
fetchkeep-auto,firecrawl-selfhost,fixture,20,140,21,27,0,0,aUsable,1,1,1,17,119
fetchkeep-auto,firecrawl-selfhost,fixture,20,140,21,27,0,0,bUsable,0.9495798319327731,0.8487394957983193,1,17,119
fetchkeep-auto,firecrawl-selfhost,fixture,20,140,21,27,0,0,usableDifference,0.05042016806722689,0,0.15126050420168066,17,119
fetchkeep-auto,firecrawl-selfhost,fixture,20,140,21,27,0,0,aWarmP50,6,4.5,7.8,17,97
fetchkeep-auto,firecrawl-selfhost,fixture,20,140,21,27,0,0,bWarmP50,89.4,78.1,96.9,17,97
fetchkeep-auto,firecrawl-selfhost,fixture,20,140,21,27,0,0,warmDeltaP50,-78.2,-85.7,-65.10000000000001,17,97
fetchkeep-auto,firecrawl-selfhost,fixture,20,140,21,27,0,0,warmRatioP50,0.07013574660633484,0.05219454329774615,0.19083969465648856,17,97
fetchkeep-auto,firecrawl-hosted,fixture,0,0,0,0,140,0,aUsable,,,,0,0
fetchkeep-auto,firecrawl-hosted,fixture,0,0,0,0,140,0,bUsable,,,,0,0
fetchkeep-auto,firecrawl-hosted,fixture,0,0,0,0,140,0,usableDifference,,,,0,0
fetchkeep-auto,firecrawl-hosted,fixture,0,0,0,0,140,0,aWarmP50,,,,0,0
fetchkeep-auto,firecrawl-hosted,fixture,0,0,0,0,140,0,bWarmP50,,,,0,0
fetchkeep-auto,firecrawl-hosted,fixture,0,0,0,0,140,0,warmDeltaP50,,,,0,0
fetchkeep-auto,firecrawl-hosted,fixture,0,0,0,0,140,0,warmRatioP50,,,,0,0
fetchkeep-auto,donsetch,fixture,20,140,21,21,0,0,aUsable,1,1,1,17,119
fetchkeep-auto,donsetch,fixture,20,140,21,21,0,0,bUsable,1,1,1,17,119
fetchkeep-auto,donsetch,fixture,20,140,21,21,0,0,usableDifference,0,0,0,17,119
fetchkeep-auto,donsetch,fixture,20,140,21,21,0,0,aWarmP50,6.2,4.7,8.6,17,102
fetchkeep-auto,donsetch,fixture,20,140,21,21,0,0,bWarmP50,3.5,3.3,5,17,102
fetchkeep-auto,donsetch,fixture,20,140,21,21,0,0,warmDeltaP50,1,0.20000000000000018,1.9000000000000004,17,102
fetchkeep-auto,donsetch,fixture,20,140,21,21,0,0,warmRatioP50,1.2857142857142858,1.0002795750459301,1.5806451612903227,17,102
firecrawl-selfhost,firecrawl-hosted,fixture,0,0,0,0,140,0,aUsable,,,,0,0
firecrawl-selfhost,firecrawl-hosted,fixture,0,0,0,0,140,0,bUsable,,,,0,0
firecrawl-selfhost,firecrawl-hosted,fixture,0,0,0,0,140,0,usableDifference,,,,0,0
firecrawl-selfhost,firecrawl-hosted,fixture,0,0,0,0,140,0,aWarmP50,,,,0,0
firecrawl-selfhost,firecrawl-hosted,fixture,0,0,0,0,140,0,bWarmP50,,,,0,0
firecrawl-selfhost,firecrawl-hosted,fixture,0,0,0,0,140,0,warmDeltaP50,,,,0,0
firecrawl-selfhost,firecrawl-hosted,fixture,0,0,0,0,140,0,warmRatioP50,,,,0,0
firecrawl-selfhost,donsetch,fixture,20,140,27,21,0,0,aUsable,0.9495798319327731,0.8487394957983193,1,17,119
firecrawl-selfhost,donsetch,fixture,20,140,27,21,0,0,bUsable,1,1,1,17,119
firecrawl-selfhost,donsetch,fixture,20,140,27,21,0,0,usableDifference,-0.05042016806722689,-0.15126050420168066,0,17,119
firecrawl-selfhost,donsetch,fixture,20,140,27,21,0,0,aWarmP50,89.4,78.1,96.9,17,97
firecrawl-selfhost,donsetch,fixture,20,140,27,21,0,0,bWarmP50,3.5,3.3,5,17,97
firecrawl-selfhost,donsetch,fixture,20,140,27,21,0,0,warmDeltaP50,81.9,69.3,88.10000000000001,17,97
firecrawl-selfhost,donsetch,fixture,20,140,27,21,0,0,warmRatioP50,25.18421052631579,16.81081081081081,27.6969696969697,17,97
firecrawl-hosted,donsetch,fixture,0,0,0,0,0,140,aUsable,,,,0,0
firecrawl-hosted,donsetch,fixture,0,0,0,0,0,140,bUsable,,,,0,0
firecrawl-hosted,donsetch,fixture,0,0,0,0,0,140,usableDifference,,,,0,0
firecrawl-hosted,donsetch,fixture,0,0,0,0,0,140,aWarmP50,,,,0,0
firecrawl-hosted,donsetch,fixture,0,0,0,0,0,140,bWarmP50,,,,0,0
firecrawl-hosted,donsetch,fixture,0,0,0,0,0,140,warmDeltaP50,,,,0,0
firecrawl-hosted,donsetch,fixture,0,0,0,0,0,140,warmRatioP50,,,,0,0
fetchkeep-http,fetchkeep-chromium,live,24,168,0,0,0,0,aUsable,0.875,0.7083333333333334,1,24,168
fetchkeep-http,fetchkeep-chromium,live,24,168,0,0,0,0,bUsable,0.9583333333333334,0.875,1,24,168
fetchkeep-http,fetchkeep-chromium,live,24,168,0,0,0,0,usableDifference,-0.08333333333333333,-0.20833333333333334,0,24,168
fetchkeep-http,fetchkeep-chromium,live,24,168,0,0,0,0,aWarmP50,371.5,262.9,504.4,24,144
fetchkeep-http,fetchkeep-chromium,live,24,168,0,0,0,0,bWarmP50,1334.4,1141.8,1530.7,24,144
fetchkeep-http,fetchkeep-chromium,live,24,168,0,0,0,0,warmDeltaP50,-944.6000000000001,-1064.8000000000002,-848.1999999999999,24,144
fetchkeep-http,fetchkeep-chromium,live,24,168,0,0,0,0,warmRatioP50,0.25590742152310997,0.21786781800066427,0.33730898248229596,24,144
fetchkeep-http,fetchkeep-lightpanda,live,24,168,0,0,0,0,aUsable,0.875,0.7083333333333334,1,24,168
fetchkeep-http,fetchkeep-lightpanda,live,24,168,0,0,0,0,bUsable,0.9583333333333334,0.875,1,24,168
fetchkeep-http,fetchkeep-lightpanda,live,24,168,0,0,0,0,usableDifference,-0.08333333333333333,-0.20833333333333334,0,24,168
fetchkeep-http,fetchkeep-lightpanda,live,24,168,0,0,0,0,aWarmP50,371.5,262.9,504.4,24,144
fetchkeep-http,fetchkeep-lightpanda,live,24,168,0,0,0,0,bWarmP50,1214.2,1054.5,1418.6,24,144
fetchkeep-http,fetchkeep-lightpanda,live,24,168,0,0,0,0,warmDeltaP50,-774.7,-894.3999999999999,-680.6,24,144
fetchkeep-http,fetchkeep-lightpanda,live,24,168,0,0,0,0,warmRatioP50,0.28856610222153173,0.23907349089089677,0.3328633864373326,24,144
fetchkeep-http,fetchkeep-auto,live,24,168,0,0,0,0,aUsable,0.875,0.7083333333333334,1,24,168
fetchkeep-http,fetchkeep-auto,live,24,168,0,0,0,0,bUsable,0.9583333333333334,0.875,1,24,168
fetchkeep-http,fetchkeep-auto,live,24,168,0,0,0,0,usableDifference,-0.08333333333333333,-0.20833333333333334,0,24,168
fetchkeep-http,fetchkeep-auto,live,24,168,0,0,0,0,aWarmP50,371.5,262.9,504.4,24,144
fetchkeep-http,fetchkeep-auto,live,24,168,0,0,0,0,bWarmP50,425.6,281.5,672.4,24,144
fetchkeep-http,fetchkeep-auto,live,24,168,0,0,0,0,warmDeltaP50,-4.5,-30.200000000000017,11,24,144
fetchkeep-http,fetchkeep-auto,live,24,168,0,0,0,0,warmRatioP50,0.9850069735006973,0.9081184641175061,1.018203721054745,24,144
fetchkeep-http,firecrawl-selfhost,live,24,168,0,7,0,0,aUsable,0.875,0.7083333333333334,1,24,168
fetchkeep-http,firecrawl-selfhost,live,24,168,0,7,0,0,bUsable,0.9166666666666666,0.7916666666666666,1,24,168
fetchkeep-http,firecrawl-selfhost,live,24,168,0,7,0,0,usableDifference,-0.041666666666666664,-0.125,0,24,168
fetchkeep-http,firecrawl-selfhost,live,24,168,0,7,0,0,aWarmP50,378.3,262.9,533.4,23,138
fetchkeep-http,firecrawl-selfhost,live,24,168,0,7,0,0,bWarmP50,844.9,620.4,1076.7,23,138
fetchkeep-http,firecrawl-selfhost,live,24,168,0,7,0,0,warmDeltaP50,-413.5999999999999,-529.1999999999999,-307.9000000000001,23,138
fetchkeep-http,firecrawl-selfhost,live,24,168,0,7,0,0,warmRatioP50,0.42148526077097503,0.37710303633648584,0.5771803335649757,23,138
fetchkeep-http,firecrawl-hosted,live,0,0,0,0,168,0,aUsable,,,,0,0
fetchkeep-http,firecrawl-hosted,live,0,0,0,0,168,0,bUsable,,,,0,0
fetchkeep-http,firecrawl-hosted,live,0,0,0,0,168,0,usableDifference,,,,0,0
fetchkeep-http,firecrawl-hosted,live,0,0,0,0,168,0,aWarmP50,,,,0,0
fetchkeep-http,firecrawl-hosted,live,0,0,0,0,168,0,bWarmP50,,,,0,0
fetchkeep-http,firecrawl-hosted,live,0,0,0,0,168,0,warmDeltaP50,,,,0,0
fetchkeep-http,firecrawl-hosted,live,0,0,0,0,168,0,warmRatioP50,,,,0,0
fetchkeep-http,donsetch,live,24,168,0,7,0,0,aUsable,0.875,0.7083333333333334,1,24,168
fetchkeep-http,donsetch,live,24,168,0,7,0,0,bUsable,0.9166666666666666,0.7916666666666666,1,24,168
fetchkeep-http,donsetch,live,24,168,0,7,0,0,usableDifference,-0.041666666666666664,-0.125,0,24,168
fetchkeep-http,donsetch,live,24,168,0,7,0,0,aWarmP50,371.5,256.8,534,23,138
fetchkeep-http,donsetch,live,24,168,0,7,0,0,bWarmP50,317.6,167.2,401.8,23,138
fetchkeep-http,donsetch,live,24,168,0,7,0,0,warmDeltaP50,126.4,75.5,183.3,23,138
fetchkeep-http,donsetch,live,24,168,0,7,0,0,warmRatioP50,1.7535802469135804,1.3159468096072569,3.1693105552165957,23,138
fetchkeep-chromium,fetchkeep-lightpanda,live,24,168,0,0,0,0,aUsable,0.9583333333333334,0.875,1,24,168
fetchkeep-chromium,fetchkeep-lightpanda,live,24,168,0,0,0,0,bUsable,0.9583333333333334,0.875,1,24,168
fetchkeep-chromium,fetchkeep-lightpanda,live,24,168,0,0,0,0,usableDifference,0,0,0,24,168
fetchkeep-chromium,fetchkeep-lightpanda,live,24,168,0,0,0,0,aWarmP50,1334.4,1141.8,1530.7,24,144
fetchkeep-chromium,fetchkeep-lightpanda,live,24,168,0,0,0,0,bWarmP50,1214.2,1054.5,1418.6,24,144
fetchkeep-chromium,fetchkeep-lightpanda,live,24,168,0,0,0,0,warmDeltaP50,193.9000000000001,121.09999999999991,254.60000000000014,24,144
fetchkeep-chromium,fetchkeep-lightpanda,live,24,168,0,0,0,0,warmRatioP50,1.1696242171189979,1.1114760251477902,1.2280972597452722,24,144
fetchkeep-chromium,fetchkeep-auto,live,24,168,0,0,0,0,aUsable,0.9583333333333334,0.875,1,24,168
fetchkeep-chromium,fetchkeep-auto,live,24,168,0,0,0,0,bUsable,0.9583333333333334,0.875,1,24,168
fetchkeep-chromium,fetchkeep-auto,live,24,168,0,0,0,0,usableDifference,0,0,0,24,168
fetchkeep-chromium,fetchkeep-auto,live,24,168,0,0,0,0,aWarmP50,1334.4,1141.8,1530.7,24,144
fetchkeep-chromium,fetchkeep-auto,live,24,168,0,0,0,0,bWarmP50,425.6,281.5,672.4,24,144
fetchkeep-chromium,fetchkeep-auto,live,24,168,0,0,0,0,warmDeltaP50,864,768.4,974.7,24,144
fetchkeep-chromium,fetchkeep-auto,live,24,168,0,0,0,0,warmRatioP50,3.583243823845328,2.3114014621247474,4.369274422375355,24,144
fetchkeep-chromium,firecrawl-selfhost,live,24,168,0,7,0,0,aUsable,0.9583333333333334,0.875,1,24,168
fetchkeep-chromium,firecrawl-selfhost,live,24,168,0,7,0,0,bUsable,0.9166666666666666,0.7916666666666666,1,24,168
fetchkeep-chromium,firecrawl-selfhost,live,24,168,0,7,0,0,usableDifference,0.041666666666666664,0,0.125,24,168
fetchkeep-chromium,firecrawl-selfhost,live,24,168,0,7,0,0,aWarmP50,1308.8,1105.9,1507.5,23,138
fetchkeep-chromium,firecrawl-selfhost,live,24,168,0,7,0,0,bWarmP50,844.9,620.4,1076.7,23,138
fetchkeep-chromium,firecrawl-selfhost,live,24,168,0,7,0,0,warmDeltaP50,497.4,413.1,524.2,23,138
fetchkeep-chromium,firecrawl-selfhost,live,24,168,0,7,0,0,warmRatioP50,1.6104315716593582,1.4497275879148093,1.7839715350728567,23,138
fetchkeep-chromium,firecrawl-hosted,live,0,0,0,0,168,0,aUsable,,,,0,0
fetchkeep-chromium,firecrawl-hosted,live,0,0,0,0,168,0,bUsable,,,,0,0
fetchkeep-chromium,firecrawl-hosted,live,0,0,0,0,168,0,usableDifference,,,,0,0
fetchkeep-chromium,firecrawl-hosted,live,0,0,0,0,168,0,aWarmP50,,,,0,0
fetchkeep-chromium,firecrawl-hosted,live,0,0,0,0,168,0,bWarmP50,,,,0,0
fetchkeep-chromium,firecrawl-hosted,live,0,0,0,0,168,0,warmDeltaP50,,,,0,0
fetchkeep-chromium,firecrawl-hosted,live,0,0,0,0,168,0,warmRatioP50,,,,0,0
fetchkeep-chromium,donsetch,live,24,168,0,7,0,0,aUsable,0.9583333333333334,0.875,1,24,168
fetchkeep-chromium,donsetch,live,24,168,0,7,0,0,bUsable,0.9166666666666666,0.7916666666666666,1,24,168
fetchkeep-chromium,donsetch,live,24,168,0,7,0,0,usableDifference,0.041666666666666664,0,0.125,24,168
fetchkeep-chromium,donsetch,live,24,168,0,7,0,0,aWarmP50,1308.8,1110.4,1547.2,23,138
fetchkeep-chromium,donsetch,live,24,168,0,7,0,0,bWarmP50,317.6,167.2,401.8,23,138
fetchkeep-chromium,donsetch,live,24,168,0,7,0,0,warmDeltaP50,1034.6000000000001,895.5,1159.3,23,138
fetchkeep-chromium,donsetch,live,24,168,0,7,0,0,warmRatioP50,4.629585326953747,3.367908552074513,11.017670157068062,23,138
fetchkeep-lightpanda,fetchkeep-auto,live,24,168,0,0,0,0,aUsable,0.9583333333333334,0.875,1,24,168
fetchkeep-lightpanda,fetchkeep-auto,live,24,168,0,0,0,0,bUsable,0.9583333333333334,0.875,1,24,168
fetchkeep-lightpanda,fetchkeep-auto,live,24,168,0,0,0,0,usableDifference,0,0,0,24,168
fetchkeep-lightpanda,fetchkeep-auto,live,24,168,0,0,0,0,aWarmP50,1214.2,1054.5,1418.6,24,144
fetchkeep-lightpanda,fetchkeep-auto,live,24,168,0,0,0,0,bWarmP50,425.6,281.5,672.4,24,144
fetchkeep-lightpanda,fetchkeep-auto,live,24,168,0,0,0,0,warmDeltaP50,711.7,629.2,892.3,24,144
fetchkeep-lightpanda,fetchkeep-auto,live,24,168,0,0,0,0,warmRatioP50,3.3644227153065067,2.2871984504314145,4.31366965012205,24,144
fetchkeep-lightpanda,firecrawl-selfhost,live,24,168,0,7,0,0,aUsable,0.9583333333333334,0.875,1,24,168
fetchkeep-lightpanda,firecrawl-selfhost,live,24,168,0,7,0,0,bUsable,0.9166666666666666,0.7916666666666666,1,24,168
fetchkeep-lightpanda,firecrawl-selfhost,live,24,168,0,7,0,0,usableDifference,0.041666666666666664,0,0.125,24,168
fetchkeep-lightpanda,firecrawl-selfhost,live,24,168,0,7,0,0,aWarmP50,1214.2,1019,1418.9,23,138
fetchkeep-lightpanda,firecrawl-selfhost,live,24,168,0,7,0,0,bWarmP50,844.9,620.4,1076.7,23,138
fetchkeep-lightpanda,firecrawl-selfhost,live,24,168,0,7,0,0,warmDeltaP50,328.3,221.9000000000001,402.1,23,138
fetchkeep-lightpanda,firecrawl-selfhost,live,24,168,0,7,0,0,warmRatioP50,1.3840777547231626,1.2781594648345689,1.6262279559711208,23,138
fetchkeep-lightpanda,firecrawl-hosted,live,0,0,0,0,168,0,aUsable,,,,0,0
fetchkeep-lightpanda,firecrawl-hosted,live,0,0,0,0,168,0,bUsable,,,,0,0
fetchkeep-lightpanda,firecrawl-hosted,live,0,0,0,0,168,0,usableDifference,,,,0,0
fetchkeep-lightpanda,firecrawl-hosted,live,0,0,0,0,168,0,aWarmP50,,,,0,0
fetchkeep-lightpanda,firecrawl-hosted,live,0,0,0,0,168,0,bWarmP50,,,,0,0
fetchkeep-lightpanda,firecrawl-hosted,live,0,0,0,0,168,0,warmDeltaP50,,,,0,0
fetchkeep-lightpanda,firecrawl-hosted,live,0,0,0,0,168,0,warmRatioP50,,,,0,0
fetchkeep-lightpanda,donsetch,live,24,168,0,7,0,0,aUsable,0.9583333333333334,0.875,1,24,168
fetchkeep-lightpanda,donsetch,live,24,168,0,7,0,0,bUsable,0.9166666666666666,0.7916666666666666,1,24,168
fetchkeep-lightpanda,donsetch,live,24,168,0,7,0,0,usableDifference,0.041666666666666664,0,0.125,24,168
fetchkeep-lightpanda,donsetch,live,24,168,0,7,0,0,aWarmP50,1214.2,1019,1475.7,23,138
fetchkeep-lightpanda,donsetch,live,24,168,0,7,0,0,bWarmP50,317.6,167.2,401.8,23,138
fetchkeep-lightpanda,donsetch,live,24,168,0,7,0,0,warmDeltaP50,869.3,772.2,1054.2,23,138
fetchkeep-lightpanda,donsetch,live,24,168,0,7,0,0,warmRatioP50,5.689345733398597,2.8349555649597966,11.406634563937935,23,138
fetchkeep-auto,firecrawl-selfhost,live,24,168,0,7,0,0,aUsable,0.9583333333333334,0.875,1,24,168
fetchkeep-auto,firecrawl-selfhost,live,24,168,0,7,0,0,bUsable,0.9166666666666666,0.7916666666666666,1,24,168
fetchkeep-auto,firecrawl-selfhost,live,24,168,0,7,0,0,usableDifference,0.041666666666666664,0,0.125,24,168
fetchkeep-auto,firecrawl-selfhost,live,24,168,0,7,0,0,aWarmP50,401.5,265.9,604.2,23,138
fetchkeep-auto,firecrawl-selfhost,live,24,168,0,7,0,0,bWarmP50,844.9,620.4,1076.7,23,138
fetchkeep-auto,firecrawl-selfhost,live,24,168,0,7,0,0,warmDeltaP50,-388.8,-498.70000000000005,-239.8,23,138
fetchkeep-auto,firecrawl-selfhost,live,24,168,0,7,0,0,warmRatioP50,0.45816409423233145,0.3794176207068193,0.6390777144956826,23,138
fetchkeep-auto,firecrawl-hosted,live,0,0,0,0,168,0,aUsable,,,,0,0
fetchkeep-auto,firecrawl-hosted,live,0,0,0,0,168,0,bUsable,,,,0,0
fetchkeep-auto,firecrawl-hosted,live,0,0,0,0,168,0,usableDifference,,,,0,0
fetchkeep-auto,firecrawl-hosted,live,0,0,0,0,168,0,aWarmP50,,,,0,0
fetchkeep-auto,firecrawl-hosted,live,0,0,0,0,168,0,bWarmP50,,,,0,0
fetchkeep-auto,firecrawl-hosted,live,0,0,0,0,168,0,warmDeltaP50,,,,0,0
fetchkeep-auto,firecrawl-hosted,live,0,0,0,0,168,0,warmRatioP50,,,,0,0
fetchkeep-auto,donsetch,live,24,168,0,7,0,0,aUsable,0.9583333333333334,0.875,1,24,168
fetchkeep-auto,donsetch,live,24,168,0,7,0,0,bUsable,0.9166666666666666,0.7916666666666666,1,24,168
fetchkeep-auto,donsetch,live,24,168,0,7,0,0,usableDifference,0.041666666666666664,0,0.125,24,168
fetchkeep-auto,donsetch,live,24,168,0,7,0,0,aWarmP50,401.5,265.9,621.5,23,138
fetchkeep-auto,donsetch,live,24,168,0,7,0,0,bWarmP50,317.6,167.2,401.8,23,138
fetchkeep-auto,donsetch,live,24,168,0,7,0,0,warmDeltaP50,133.70000000000002,93.4,195.89999999999998,23,138
fetchkeep-auto,donsetch,live,24,168,0,7,0,0,warmRatioP50,2.314456035767511,1.3476907959384212,3.524874055415617,23,138
firecrawl-selfhost,firecrawl-hosted,live,0,0,0,0,168,0,aUsable,,,,0,0
firecrawl-selfhost,firecrawl-hosted,live,0,0,0,0,168,0,bUsable,,,,0,0
firecrawl-selfhost,firecrawl-hosted,live,0,0,0,0,168,0,usableDifference,,,,0,0
firecrawl-selfhost,firecrawl-hosted,live,0,0,0,0,168,0,aWarmP50,,,,0,0
firecrawl-selfhost,firecrawl-hosted,live,0,0,0,0,168,0,bWarmP50,,,,0,0
firecrawl-selfhost,firecrawl-hosted,live,0,0,0,0,168,0,warmDeltaP50,,,,0,0
firecrawl-selfhost,firecrawl-hosted,live,0,0,0,0,168,0,warmRatioP50,,,,0,0
firecrawl-selfhost,donsetch,live,24,168,7,7,0,0,aUsable,0.9166666666666666,0.7916666666666666,1,24,168
firecrawl-selfhost,donsetch,live,24,168,7,7,0,0,bUsable,0.9166666666666666,0.7916666666666666,1,24,168
firecrawl-selfhost,donsetch,live,24,168,7,7,0,0,usableDifference,0,0,0,24,168
firecrawl-selfhost,donsetch,live,24,168,7,7,0,0,aWarmP50,833.3,590.4,1081.8,22,132
firecrawl-selfhost,donsetch,live,24,168,7,7,0,0,bWarmP50,270.8,116.3,382,22,132
firecrawl-selfhost,donsetch,live,24,168,7,7,0,0,warmDeltaP50,556.9,417.59999999999997,672.5,22,132
firecrawl-selfhost,donsetch,live,24,168,7,7,0,0,warmRatioP50,3.8993481095176015,1.9726833368354697,9.224598930481283,22,132
firecrawl-hosted,donsetch,live,0,0,0,0,0,168,aUsable,,,,0,0
firecrawl-hosted,donsetch,live,0,0,0,0,0,168,bUsable,,,,0,0
firecrawl-hosted,donsetch,live,0,0,0,0,0,168,usableDifference,,,,0,0
firecrawl-hosted,donsetch,live,0,0,0,0,0,168,aWarmP50,,,,0,0
firecrawl-hosted,donsetch,live,0,0,0,0,0,168,bWarmP50,,,,0,0
firecrawl-hosted,donsetch,live,0,0,0,0,0,168,warmDeltaP50,,,,0,0
firecrawl-hosted,donsetch,live,0,0,0,0,0,168,warmRatioP50,,,,0,0
