profile,dataset,split,metric,value,ci_low,ci_high,cases,attempts
fetchkeep-http,fixture,all,usable,0.8823529411764706,0.7058823529411765,1,17,119
fetchkeep-http,fixture,all,success,0.85,0.7,1,20,140
fetchkeep-http,fixture,all,warmP50,5.9,4.7,7.7,17,102
fetchkeep-http,fixture,all,warmP95,2502.3,12.5,2505.1,17,102
fetchkeep-http,fixture,all,passageRecall,0.8823529411764706,0.7058823529411765,1,17,119
fetchkeep-http,fixture,all,tokenPrecision,0.9514572935249423,0.8958036477628953,0.9883090160867941,9,63
fetchkeep-http,fixture,all,tokenRecall,0.9980842911877394,0.9942528735632187,1,9,63
fetchkeep-http,fixture,all,tokenF1,0.9725236390073748,0.9408151725128354,0.9923246511996918,9,63
fetchkeep-http,fixture,all,boilerplate,0.95,0.85,1,10,70
fetchkeep-http,fixture,all,headings,0.7777777777777778,0.4444444444444444,1,9,63
fetchkeep-http,fixture,all,tables,0.8,0.4,1,5,35
fetchkeep-http,fixture,all,code,1,1,1,3,21
fetchkeep-http,fixture,all,citation,1,1,1,15,105
fetchkeep-http,fixture,all,correctError,1,1,1,3,21
fetchkeep-http,fixture,all,timeout,0,0,0,20,140
fetchkeep-http,fixture,all,blocked,0,0,0,20,140
fetchkeep-http,fixture,heldOut,usable,0.8333333333333334,0.5,1,6,42
fetchkeep-http,fixture,heldOut,success,1,1,1,6,42
fetchkeep-http,fixture,heldOut,warmP50,5.1,4.1,7,6,36
fetchkeep-http,fixture,heldOut,warmP95,14.6,7.9,19.4,6,36
fetchkeep-http,fixture,heldOut,passageRecall,0.8333333333333334,0.5,1,6,42
fetchkeep-http,fixture,heldOut,tokenPrecision,0.9656478578892372,0.9310344827586206,1,3,21
fetchkeep-http,fixture,heldOut,tokenRecall,1,1,1,3,21
fetchkeep-http,fixture,heldOut,tokenF1,0.9823148912744286,0.9642857142857143,1,3,21
fetchkeep-http,fixture,heldOut,boilerplate,1,1,1,3,21
fetchkeep-http,fixture,heldOut,headings,0.6666666666666666,0,1,3,21
fetchkeep-http,fixture,heldOut,tables,1,1,1,2,14
fetchkeep-http,fixture,heldOut,code,1,,,1,7
fetchkeep-http,fixture,heldOut,citation,1,1,1,5,35
fetchkeep-http,fixture,heldOut,correctError,,,,0,0
fetchkeep-http,fixture,heldOut,timeout,0,0,0,6,42
fetchkeep-http,fixture,heldOut,blocked,0,0,0,6,42
fetchkeep-http,fixture,dev,usable,0.9090909090909091,0.7272727272727273,1,11,77
fetchkeep-http,fixture,dev,success,0.7857142857142857,0.5714285714285714,1,14,98
fetchkeep-http,fixture,dev,warmP50,6.4,4.5,8.2,11,66
fetchkeep-http,fixture,dev,warmP95,2503.6,11.8,2505.1,11,66
fetchkeep-http,fixture,dev,passageRecall,0.9090909090909091,0.7272727272727273,1,11,77
fetchkeep-http,fixture,dev,tokenPrecision,0.944362011342795,0.866072339557188,0.9938271604938271,6,42
fetchkeep-http,fixture,dev,tokenRecall,0.9971264367816092,0.9913793103448276,1,6,42
fetchkeep-http,fixture,dev,tokenF1,0.9676280128738481,0.9238985313751672,0.9942757009345795,6,42
fetchkeep-http,fixture,dev,boilerplate,0.9285714285714286,0.7857142857142857,1,7,49
fetchkeep-http,fixture,dev,headings,0.8333333333333334,0.5,1,6,42
fetchkeep-http,fixture,dev,tables,0.6666666666666666,0,1,3,21
fetchkeep-http,fixture,dev,code,1,1,1,2,14
fetchkeep-http,fixture,dev,citation,1,1,1,10,70
fetchkeep-http,fixture,dev,correctError,1,1,1,3,21
fetchkeep-http,fixture,dev,timeout,0,0,0,14,98
fetchkeep-http,fixture,dev,blocked,0,0,0,14,98
fetchkeep-chromium,fixture,all,usable,1,1,1,17,119
fetchkeep-chromium,fixture,all,success,0.85,0.7,1,20,140
fetchkeep-chromium,fixture,all,warmP50,583.2,575.6,591.8,17,102
fetchkeep-chromium,fixture,all,warmP95,3064,619.4,3075.7,17,102
fetchkeep-chromium,fixture,all,passageRecall,1,1,1,17,119
fetchkeep-chromium,fixture,all,tokenPrecision,0.937964818174657,0.876582974661152,0.9864724687957009,9,63
fetchkeep-chromium,fixture,all,tokenRecall,0.9980842911877394,0.9942528735632187,1,9,63
fetchkeep-chromium,fixture,all,tokenF1,0.9649654994724909,0.930459926920999,0.9913293797281699,9,63
fetchkeep-chromium,fixture,all,boilerplate,0.95,0.85,1,10,70
fetchkeep-chromium,fixture,all,headings,1,1,1,9,63
fetchkeep-chromium,fixture,all,tables,1,1,1,5,35
fetchkeep-chromium,fixture,all,code,1,1,1,3,21
fetchkeep-chromium,fixture,all,citation,1,1,1,17,119
fetchkeep-chromium,fixture,all,correctError,1,1,1,3,21
fetchkeep-chromium,fixture,all,timeout,0,0,0,20,140
fetchkeep-chromium,fixture,all,blocked,0,0,0,20,140
fetchkeep-chromium,fixture,heldOut,usable,1,1,1,6,42
fetchkeep-chromium,fixture,heldOut,success,1,1,1,6,42
fetchkeep-chromium,fixture,heldOut,warmP50,578.7,70.5,586.4,6,36
fetchkeep-chromium,fixture,heldOut,warmP95,667.5,619.3,733.1,6,36
fetchkeep-chromium,fixture,heldOut,passageRecall,1,1,1,6,42
fetchkeep-chromium,fixture,heldOut,tokenPrecision,0.9656478578892372,0.9310344827586206,1,3,21
fetchkeep-chromium,fixture,heldOut,tokenRecall,1,1,1,3,21
fetchkeep-chromium,fixture,heldOut,tokenF1,0.9823148912744286,0.9642857142857143,1,3,21
fetchkeep-chromium,fixture,heldOut,boilerplate,1,1,1,3,21
fetchkeep-chromium,fixture,heldOut,headings,1,1,1,3,21
fetchkeep-chromium,fixture,heldOut,tables,1,1,1,2,14
fetchkeep-chromium,fixture,heldOut,code,1,,,1,7
fetchkeep-chromium,fixture,heldOut,citation,1,1,1,6,42
fetchkeep-chromium,fixture,heldOut,correctError,,,,0,0
fetchkeep-chromium,fixture,heldOut,timeout,0,0,0,6,42
fetchkeep-chromium,fixture,heldOut,blocked,0,0,0,6,42
fetchkeep-chromium,fixture,dev,usable,1,1,1,11,77
fetchkeep-chromium,fixture,dev,success,0.7857142857142857,0.5714285714285714,1,14,98
fetchkeep-chromium,fixture,dev,warmP50,584.1,575.7,598.9,11,66
fetchkeep-chromium,fixture,dev,warmP95,3071,614.9,3075.7,11,66
fetchkeep-chromium,fixture,dev,passageRecall,1,1,1,11,77
fetchkeep-chromium,fixture,dev,tokenPrecision,0.9241232983173665,0.84387638473712,0.9938271604938271,6,42
fetchkeep-chromium,fixture,dev,tokenRecall,0.9971264367816092,0.9913793103448276,1,6,42
fetchkeep-chromium,fixture,dev,tokenF1,0.9562908035715223,0.9115099202036826,0.9942153144611497,6,42
fetchkeep-chromium,fixture,dev,boilerplate,0.9285714285714286,0.7857142857142857,1,7,49
fetchkeep-chromium,fixture,dev,headings,1,1,1,6,42
fetchkeep-chromium,fixture,dev,tables,1,1,1,3,21
fetchkeep-chromium,fixture,dev,code,1,1,1,2,14
fetchkeep-chromium,fixture,dev,citation,1,1,1,11,77
fetchkeep-chromium,fixture,dev,correctError,1,1,1,3,21
fetchkeep-chromium,fixture,dev,timeout,0,0,0,14,98
fetchkeep-chromium,fixture,dev,blocked,0,0,0,14,98
fetchkeep-lightpanda,fixture,all,usable,1,1,1,17,119
fetchkeep-lightpanda,fixture,all,success,0.85,0.7,1,20,140
fetchkeep-lightpanda,fixture,all,warmP50,531.4,527.9,536.7,17,102
fetchkeep-lightpanda,fixture,all,warmP95,3019.9,543.7,3029,17,102
fetchkeep-lightpanda,fixture,all,passageRecall,1,1,1,17,119
fetchkeep-lightpanda,fixture,all,tokenPrecision,0.937964818174657,0.876582974661152,0.9864724687957009,9,63
fetchkeep-lightpanda,fixture,all,tokenRecall,0.9980842911877394,0.9942528735632187,1,9,63
fetchkeep-lightpanda,fixture,all,tokenF1,0.9649654994724909,0.930459926920999,0.9913293797281699,9,63
fetchkeep-lightpanda,fixture,all,boilerplate,0.95,0.85,1,10,70
fetchkeep-lightpanda,fixture,all,headings,1,1,1,9,63
fetchkeep-lightpanda,fixture,all,tables,1,1,1,5,35
fetchkeep-lightpanda,fixture,all,code,1,1,1,3,21
fetchkeep-lightpanda,fixture,all,citation,1,1,1,17,119
fetchkeep-lightpanda,fixture,all,correctError,1,1,1,3,21
fetchkeep-lightpanda,fixture,all,timeout,0,0,0,20,140
fetchkeep-lightpanda,fixture,all,blocked,0,0,0,20,140
fetchkeep-lightpanda,fixture,heldOut,usable,1,1,1,6,42
fetchkeep-lightpanda,fixture,heldOut,success,1,1,1,6,42
fetchkeep-lightpanda,fixture,heldOut,warmP50,527.6,525,594.5,6,36
fetchkeep-lightpanda,fixture,heldOut,warmP95,2026.2,556.5,2027.7,6,36
fetchkeep-lightpanda,fixture,heldOut,passageRecall,1,1,1,6,42
fetchkeep-lightpanda,fixture,heldOut,tokenPrecision,0.9656478578892372,0.9310344827586206,1,3,21
fetchkeep-lightpanda,fixture,heldOut,tokenRecall,1,1,1,3,21
fetchkeep-lightpanda,fixture,heldOut,tokenF1,0.9823148912744286,0.9642857142857143,1,3,21
fetchkeep-lightpanda,fixture,heldOut,boilerplate,1,1,1,3,21
fetchkeep-lightpanda,fixture,heldOut,headings,1,1,1,3,21
fetchkeep-lightpanda,fixture,heldOut,tables,1,1,1,2,14
fetchkeep-lightpanda,fixture,heldOut,code,1,,,1,7
fetchkeep-lightpanda,fixture,heldOut,citation,1,1,1,6,42
fetchkeep-lightpanda,fixture,heldOut,correctError,,,,0,0
fetchkeep-lightpanda,fixture,heldOut,timeout,0,0,0,6,42
fetchkeep-lightpanda,fixture,heldOut,blocked,0,0,0,6,42
fetchkeep-lightpanda,fixture,dev,usable,1,1,1,11,77
fetchkeep-lightpanda,fixture,dev,success,0.7857142857142857,0.5714285714285714,1,14,98
fetchkeep-lightpanda,fixture,dev,warmP50,533.4,528.9,543,11,66
fetchkeep-lightpanda,fixture,dev,warmP95,3022,543.2,3029,11,66
fetchkeep-lightpanda,fixture,dev,passageRecall,1,1,1,11,77
fetchkeep-lightpanda,fixture,dev,tokenPrecision,0.9241232983173665,0.84387638473712,0.9938271604938271,6,42
fetchkeep-lightpanda,fixture,dev,tokenRecall,0.9971264367816092,0.9913793103448276,1,6,42
fetchkeep-lightpanda,fixture,dev,tokenF1,0.9562908035715223,0.9115099202036826,0.9942153144611497,6,42
fetchkeep-lightpanda,fixture,dev,boilerplate,0.9285714285714286,0.7857142857142857,1,7,49
fetchkeep-lightpanda,fixture,dev,headings,1,1,1,6,42
fetchkeep-lightpanda,fixture,dev,tables,1,1,1,3,21
fetchkeep-lightpanda,fixture,dev,code,1,1,1,2,14
fetchkeep-lightpanda,fixture,dev,citation,1,1,1,11,77
fetchkeep-lightpanda,fixture,dev,correctError,1,1,1,3,21
fetchkeep-lightpanda,fixture,dev,timeout,0,0,0,14,98
fetchkeep-lightpanda,fixture,dev,blocked,0,0,0,14,98
fetchkeep-auto,fixture,all,usable,1,1,1,17,119
fetchkeep-auto,fixture,all,success,0.85,0.7,1,20,140
fetchkeep-auto,fixture,all,warmP50,6.2,4.7,8.6,17,102
fetchkeep-auto,fixture,all,warmP95,2502.6,16.8,2506.6,17,102
fetchkeep-auto,fixture,all,passageRecall,1,1,1,17,119
fetchkeep-auto,fixture,all,tokenPrecision,0.9514572935249423,0.8958036477628953,0.9883090160867941,9,63
fetchkeep-auto,fixture,all,tokenRecall,0.9980842911877394,0.9942528735632187,1,9,63
fetchkeep-auto,fixture,all,tokenF1,0.9725236390073748,0.9408151725128354,0.9923246511996918,9,63
fetchkeep-auto,fixture,all,boilerplate,0.95,0.85,1,10,70
fetchkeep-auto,fixture,all,headings,1,1,1,9,63
fetchkeep-auto,fixture,all,tables,1,1,1,5,35
fetchkeep-auto,fixture,all,code,1,1,1,3,21
fetchkeep-auto,fixture,all,citation,1,1,1,17,119
fetchkeep-auto,fixture,all,correctError,1,1,1,3,21
fetchkeep-auto,fixture,all,timeout,0,0,0,20,140
fetchkeep-auto,fixture,all,blocked,0,0,0,20,140
fetchkeep-auto,fixture,heldOut,usable,1,1,1,6,42
fetchkeep-auto,fixture,heldOut,success,1,1,1,6,42
fetchkeep-auto,fixture,heldOut,warmP50,5.9,4.4,11.5,6,36
fetchkeep-auto,fixture,heldOut,warmP95,655.6,8.8,696.2,6,36
fetchkeep-auto,fixture,heldOut,passageRecall,1,1,1,6,42
fetchkeep-auto,fixture,heldOut,tokenPrecision,0.9656478578892372,0.9310344827586206,1,3,21
fetchkeep-auto,fixture,heldOut,tokenRecall,1,1,1,3,21
fetchkeep-auto,fixture,heldOut,tokenF1,0.9823148912744286,0.9642857142857143,1,3,21
fetchkeep-auto,fixture,heldOut,boilerplate,1,1,1,3,21
fetchkeep-auto,fixture,heldOut,headings,1,1,1,3,21
fetchkeep-auto,fixture,heldOut,tables,1,1,1,2,14
fetchkeep-auto,fixture,heldOut,code,1,,,1,7
fetchkeep-auto,fixture,heldOut,citation,1,1,1,6,42
fetchkeep-auto,fixture,heldOut,correctError,,,,0,0
fetchkeep-auto,fixture,heldOut,timeout,0,0,0,6,42
fetchkeep-auto,fixture,heldOut,blocked,0,0,0,6,42
fetchkeep-auto,fixture,dev,usable,1,1,1,11,77
fetchkeep-auto,fixture,dev,success,0.7857142857142857,0.5714285714285714,1,14,98
fetchkeep-auto,fixture,dev,warmP50,6.2,4.4,13.6,11,66
fetchkeep-auto,fixture,dev,warmP95,2503.6,16.8,2506.6,11,66
fetchkeep-auto,fixture,dev,passageRecall,1,1,1,11,77
fetchkeep-auto,fixture,dev,tokenPrecision,0.944362011342795,0.866072339557188,0.9938271604938271,6,42
fetchkeep-auto,fixture,dev,tokenRecall,0.9971264367816092,0.9913793103448276,1,6,42
fetchkeep-auto,fixture,dev,tokenF1,0.9676280128738481,0.9238985313751672,0.9942757009345795,6,42
fetchkeep-auto,fixture,dev,boilerplate,0.9285714285714286,0.7857142857142857,1,7,49
fetchkeep-auto,fixture,dev,headings,1,1,1,6,42
fetchkeep-auto,fixture,dev,tables,1,1,1,3,21
fetchkeep-auto,fixture,dev,code,1,1,1,2,14
fetchkeep-auto,fixture,dev,citation,1,1,1,11,77
fetchkeep-auto,fixture,dev,correctError,1,1,1,3,21
fetchkeep-auto,fixture,dev,timeout,0,0,0,14,98
fetchkeep-auto,fixture,dev,blocked,0,0,0,14,98
firecrawl-selfhost,fixture,all,usable,0.9495798319327731,0.8487394957983193,1,17,119
firecrawl-selfhost,fixture,all,success,0.8071428571428572,0.6214285714285714,0.9571428571428572,20,140
firecrawl-selfhost,fixture,all,warmP50,89.4,78.1,96.9,17,97
firecrawl-selfhost,fixture,all,warmP95,2580.1,133.4,2604.9,17,97
firecrawl-selfhost,fixture,all,passageRecall,1,1,1,17,113
firecrawl-selfhost,fixture,all,tokenPrecision,0.903975292851953,0.8496012868133986,0.9517906461202177,9,63
firecrawl-selfhost,fixture,all,tokenRecall,1,1,1,9,63
firecrawl-selfhost,fixture,all,tokenF1,0.947689208835034,0.9166087974968449,0.974658275279756,9,63
firecrawl-selfhost,fixture,all,boilerplate,0.8359374999999991,0.7399999999999991,0.927586206896551,10,64
firecrawl-selfhost,fixture,all,headings,1,1,1,9,57
firecrawl-selfhost,fixture,all,tables,1,1,1,5,29
firecrawl-selfhost,fixture,all,code,0.5555555555555556,0.5,0.6666666666666664,3,21
firecrawl-selfhost,fixture,all,citation,,,,0,0
firecrawl-selfhost,fixture,all,correctError,1,1,1,3,21
firecrawl-selfhost,fixture,all,timeout,0,0,0,20,140
firecrawl-selfhost,fixture,all,blocked,0,0,0,20,140
firecrawl-selfhost,fixture,heldOut,usable,1,1,1,6,42
firecrawl-selfhost,fixture,heldOut,success,1,1,1,6,42
firecrawl-selfhost,fixture,heldOut,warmP50,89.3,43.3,98.6,6,36
firecrawl-selfhost,fixture,heldOut,warmP95,153.3,124.8,180.9,6,36
firecrawl-selfhost,fixture,heldOut,passageRecall,1,1,1,6,42
firecrawl-selfhost,fixture,heldOut,tokenPrecision,0.9149894838606831,0.8780487804878053,0.9529411764705882,3,21
firecrawl-selfhost,fixture,heldOut,tokenRecall,1,1,1,3,21
firecrawl-selfhost,fixture,heldOut,tokenF1,0.9553415764326826,0.935064935064935,0.9759036144578312,3,21
firecrawl-selfhost,fixture,heldOut,boilerplate,0.8666666666666668,0.8000000000000002,1,3,21
firecrawl-selfhost,fixture,heldOut,headings,1,1,1,3,21
firecrawl-selfhost,fixture,heldOut,tables,1,1,1,2,14
firecrawl-selfhost,fixture,heldOut,code,0.5,,,1,7
firecrawl-selfhost,fixture,heldOut,citation,,,,0,0
firecrawl-selfhost,fixture,heldOut,correctError,,,,0,0
firecrawl-selfhost,fixture,heldOut,timeout,0,0,0,6,42
firecrawl-selfhost,fixture,heldOut,blocked,0,0,0,6,42
firecrawl-selfhost,fixture,dev,usable,0.922077922077922,0.7662337662337663,1,11,77
firecrawl-selfhost,fixture,dev,success,0.7244897959183674,0.45918367346938777,0.9285714285714286,14,98
firecrawl-selfhost,fixture,dev,warmP50,89.4,78.1,104.8,11,61
firecrawl-selfhost,fixture,dev,warmP95,2588.2,127.9,2656.2,11,61
firecrawl-selfhost,fixture,dev,passageRecall,1,1,1,11,71
firecrawl-selfhost,fixture,dev,tokenPrecision,0.8984681973475884,0.8200368247985695,0.9733981693363838,6,42
firecrawl-selfhost,fixture,dev,tokenRecall,1,1,1,6,42
firecrawl-selfhost,fixture,dev,tokenF1,0.9438630250362091,0.8994185805917652,0.986085247258431,6,42
firecrawl-selfhost,fixture,dev,boilerplate,0.8209302325581395,0.6857142857142857,0.942857142857143,7,43
firecrawl-selfhost,fixture,dev,headings,1,1,1,6,36
firecrawl-selfhost,fixture,dev,tables,1,1,1,3,15
firecrawl-selfhost,fixture,dev,code,0.5833333333333333,0.5,0.6666666666666666,2,14
firecrawl-selfhost,fixture,dev,citation,,,,0,0
firecrawl-selfhost,fixture,dev,correctError,1,1,1,3,21
firecrawl-selfhost,fixture,dev,timeout,0,0,0,14,98
firecrawl-selfhost,fixture,dev,blocked,0,0,0,14,98
firecrawl-hosted,fixture,all,usable,,,,0,0
firecrawl-hosted,fixture,all,success,,,,0,0
firecrawl-hosted,fixture,all,warmP50,,,,0,0
firecrawl-hosted,fixture,all,warmP95,,,,0,0
firecrawl-hosted,fixture,all,passageRecall,,,,0,0
firecrawl-hosted,fixture,all,tokenPrecision,,,,0,0
firecrawl-hosted,fixture,all,tokenRecall,,,,0,0
firecrawl-hosted,fixture,all,tokenF1,,,,0,0
firecrawl-hosted,fixture,all,boilerplate,,,,0,0
firecrawl-hosted,fixture,all,headings,,,,0,0
firecrawl-hosted,fixture,all,tables,,,,0,0
firecrawl-hosted,fixture,all,code,,,,0,0
firecrawl-hosted,fixture,all,citation,,,,0,0
firecrawl-hosted,fixture,all,correctError,,,,0,0
firecrawl-hosted,fixture,all,timeout,,,,0,0
firecrawl-hosted,fixture,all,blocked,,,,0,0
firecrawl-hosted,fixture,heldOut,usable,,,,0,0
firecrawl-hosted,fixture,heldOut,success,,,,0,0
firecrawl-hosted,fixture,heldOut,warmP50,,,,0,0
firecrawl-hosted,fixture,heldOut,warmP95,,,,0,0
firecrawl-hosted,fixture,heldOut,passageRecall,,,,0,0
firecrawl-hosted,fixture,heldOut,tokenPrecision,,,,0,0
firecrawl-hosted,fixture,heldOut,tokenRecall,,,,0,0
firecrawl-hosted,fixture,heldOut,tokenF1,,,,0,0
firecrawl-hosted,fixture,heldOut,boilerplate,,,,0,0
firecrawl-hosted,fixture,heldOut,headings,,,,0,0
firecrawl-hosted,fixture,heldOut,tables,,,,0,0
firecrawl-hosted,fixture,heldOut,code,,,,0,0
firecrawl-hosted,fixture,heldOut,citation,,,,0,0
firecrawl-hosted,fixture,heldOut,correctError,,,,0,0
firecrawl-hosted,fixture,heldOut,timeout,,,,0,0
firecrawl-hosted,fixture,heldOut,blocked,,,,0,0
firecrawl-hosted,fixture,dev,usable,,,,0,0
firecrawl-hosted,fixture,dev,success,,,,0,0
firecrawl-hosted,fixture,dev,warmP50,,,,0,0
firecrawl-hosted,fixture,dev,warmP95,,,,0,0
firecrawl-hosted,fixture,dev,passageRecall,,,,0,0
firecrawl-hosted,fixture,dev,tokenPrecision,,,,0,0
firecrawl-hosted,fixture,dev,tokenRecall,,,,0,0
firecrawl-hosted,fixture,dev,tokenF1,,,,0,0
firecrawl-hosted,fixture,dev,boilerplate,,,,0,0
firecrawl-hosted,fixture,dev,headings,,,,0,0
firecrawl-hosted,fixture,dev,tables,,,,0,0
firecrawl-hosted,fixture,dev,code,,,,0,0
firecrawl-hosted,fixture,dev,citation,,,,0,0
firecrawl-hosted,fixture,dev,correctError,,,,0,0
firecrawl-hosted,fixture,dev,timeout,,,,0,0
firecrawl-hosted,fixture,dev,blocked,,,,0,0
donsetch,fixture,all,usable,1,1,1,17,119
donsetch,fixture,all,success,0.85,0.7,1,20,140
donsetch,fixture,all,warmP50,3.5,3.3,5,17,102
donsetch,fixture,all,warmP95,4234.4,25,4251.1,17,102
donsetch,fixture,all,passageRecall,1,1,1,17,119
donsetch,fixture,all,tokenPrecision,0.7522264456164892,0.5680468822479089,0.867324439959151,9,63
donsetch,fixture,all,tokenRecall,0.9921568627450981,0.9816993464052288,1,9,63
donsetch,fixture,all,tokenF1,0.8220413511029511,0.6457989931039128,0.9238136969602897,9,63
donsetch,fixture,all,boilerplate,0.9,0.7,1,10,70
donsetch,fixture,all,headings,1,1,1,9,63
donsetch,fixture,all,tables,1,1,1,5,35
donsetch,fixture,all,code,1,1,1,3,21
donsetch,fixture,all,citation,,,,0,0
donsetch,fixture,all,correctError,1,1,1,3,21
donsetch,fixture,all,timeout,0,0,0,20,140
donsetch,fixture,all,blocked,0.05,0,0.15,20,140
donsetch,fixture,heldOut,usable,1,1,1,6,42
donsetch,fixture,heldOut,success,1,1,1,6,42
donsetch,fixture,heldOut,warmP50,3.7,3.3,57.7,6,36
donsetch,fixture,heldOut,warmP95,4234.4,5.7,4252.3,6,36
donsetch,fixture,heldOut,passageRecall,1,1,1,6,42
donsetch,fixture,heldOut,tokenPrecision,0.8377364808304038,0.8000000000000002,0.8950276243093922,3,21
donsetch,fixture,heldOut,tokenRecall,0.9843137254901961,0.9529411764705882,1,3,21
donsetch,fixture,heldOut,tokenF1,0.9039886039886043,0.8888888888888891,0.9230769230769231,3,21
donsetch,fixture,heldOut,boilerplate,1,1,1,3,21
donsetch,fixture,heldOut,headings,1,1,1,3,21
donsetch,fixture,heldOut,tables,1,1,1,2,14
donsetch,fixture,heldOut,code,1,,,1,7
donsetch,fixture,heldOut,citation,,,,0,0
donsetch,fixture,heldOut,correctError,,,,0,0
donsetch,fixture,heldOut,timeout,0,0,0,6,42
donsetch,fixture,heldOut,blocked,0,0,0,6,42
donsetch,fixture,dev,usable,1,1,1,11,77
donsetch,fixture,dev,success,0.7857142857142857,0.5714285714285714,1,14,98
donsetch,fixture,dev,warmP50,3.5,3.2,21.5,11,66
donsetch,fixture,dev,warmP95,4238.6,9.3,4251.1,11,66
donsetch,fixture,dev,passageRecall,1,1,1,11,77
donsetch,fixture,dev,tokenPrecision,0.7094714280095343,0.4542009192581314,0.8804113872644577,6,42
donsetch,fixture,dev,tokenRecall,0.996078431372549,0.9882352941176471,1,6,42
donsetch,fixture,dev,tokenF1,0.7810677246601252,0.5298393547226352,0.9342189808241181,6,42
donsetch,fixture,dev,boilerplate,0.8571428571428571,0.5714285714285714,1,7,49
donsetch,fixture,dev,headings,1,1,1,6,42
donsetch,fixture,dev,tables,1,1,1,3,21
donsetch,fixture,dev,code,1,1,1,2,14
donsetch,fixture,dev,citation,,,,0,0
donsetch,fixture,dev,correctError,1,1,1,3,21
donsetch,fixture,dev,timeout,0,0,0,14,98
donsetch,fixture,dev,blocked,0.07142857142857142,0,0.21428571428571427,14,98
fetchkeep-http,live,all,usable,0.875,0.7083333333333334,1,24,168
fetchkeep-http,live,all,success,1,1,1,24,168
fetchkeep-http,live,all,warmP50,371.5,262.9,504.4,24,144
fetchkeep-http,live,all,warmP95,1276.6,719.4,1328.9,24,144
fetchkeep-http,live,all,passageRecall,0.875,0.7083333333333334,1,24,168
fetchkeep-http,live,all,tokenPrecision,,,,0,0
fetchkeep-http,live,all,tokenRecall,,,,0,0
fetchkeep-http,live,all,tokenF1,,,,0,0
fetchkeep-http,live,all,boilerplate,0.875,0.6875,1,16,112
fetchkeep-http,live,all,headings,1,1,1,10,70
fetchkeep-http,live,all,tables,1,1,1,3,21
fetchkeep-http,live,all,code,1,1,1,7,49
fetchkeep-http,live,all,citation,1,1,1,21,147
fetchkeep-http,live,all,correctError,,,,0,0
fetchkeep-http,live,all,timeout,0,0,0,24,168
fetchkeep-http,live,all,blocked,0,0,0,24,168
fetchkeep-http,live,heldOut,usable,0.8333333333333334,0.5,1,6,42
fetchkeep-http,live,heldOut,success,1,1,1,6,42
fetchkeep-http,live,heldOut,warmP50,347.1,196.8,713.5,6,36
fetchkeep-http,live,heldOut,warmP95,1298.1,456.1,2417.2,6,36
fetchkeep-http,live,heldOut,passageRecall,0.8333333333333334,0.5,1,6,42
fetchkeep-http,live,heldOut,tokenPrecision,,,,0,0
fetchkeep-http,live,heldOut,tokenRecall,,,,0,0
fetchkeep-http,live,heldOut,tokenF1,,,,0,0
fetchkeep-http,live,heldOut,boilerplate,1,1,1,4,28
fetchkeep-http,live,heldOut,headings,1,1,1,2,14
fetchkeep-http,live,heldOut,tables,1,,,1,7
fetchkeep-http,live,heldOut,code,1,,,1,7
fetchkeep-http,live,heldOut,citation,1,1,1,5,35
fetchkeep-http,live,heldOut,correctError,,,,0,0
fetchkeep-http,live,heldOut,timeout,0,0,0,6,42
fetchkeep-http,live,heldOut,blocked,0,0,0,6,42
fetchkeep-http,live,dev,usable,0.8888888888888888,0.7222222222222222,1,18,126
fetchkeep-http,live,dev,success,1,1,1,18,126
fetchkeep-http,live,dev,warmP50,398.9,256.8,539.5,18,108
fetchkeep-http,live,dev,warmP95,1276.6,729.6,1328.9,18,108
fetchkeep-http,live,dev,passageRecall,0.8888888888888888,0.7222222222222222,1,18,126
fetchkeep-http,live,dev,tokenPrecision,,,,0,0
fetchkeep-http,live,dev,tokenRecall,,,,0,0
fetchkeep-http,live,dev,tokenF1,,,,0,0
fetchkeep-http,live,dev,boilerplate,0.8333333333333334,0.5833333333333334,1,12,84
fetchkeep-http,live,dev,headings,1,1,1,8,56
fetchkeep-http,live,dev,tables,1,1,1,2,14
fetchkeep-http,live,dev,code,1,1,1,6,42
fetchkeep-http,live,dev,citation,1,1,1,16,112
fetchkeep-http,live,dev,correctError,,,,0,0
fetchkeep-http,live,dev,timeout,0,0,0,18,126
fetchkeep-http,live,dev,blocked,0,0,0,18,126
fetchkeep-chromium,live,all,usable,0.9583333333333334,0.875,1,24,168
fetchkeep-chromium,live,all,success,1,1,1,24,168
fetchkeep-chromium,live,all,warmP50,1334.4,1141.8,1530.7,24,144
fetchkeep-chromium,live,all,warmP95,2863.6,1899.7,3042.9,24,144
fetchkeep-chromium,live,all,passageRecall,0.9583333333333334,0.875,1,24,168
fetchkeep-chromium,live,all,tokenPrecision,,,,0,0
fetchkeep-chromium,live,all,tokenRecall,,,,0,0
fetchkeep-chromium,live,all,tokenF1,,,,0,0
fetchkeep-chromium,live,all,boilerplate,0.875,0.6875,1,16,112
fetchkeep-chromium,live,all,headings,1,1,1,10,70
fetchkeep-chromium,live,all,tables,1,1,1,3,21
fetchkeep-chromium,live,all,code,1,1,1,7,49
fetchkeep-chromium,live,all,citation,1,1,1,23,161
fetchkeep-chromium,live,all,correctError,,,,0,0
fetchkeep-chromium,live,all,timeout,0,0,0,24,168
fetchkeep-chromium,live,all,blocked,0,0,0,24,168
fetchkeep-chromium,live,heldOut,usable,0.8333333333333334,0.5,1,6,42
fetchkeep-chromium,live,heldOut,success,1,1,1,6,42
fetchkeep-chromium,live,heldOut,warmP50,1077.9,889.7,1443.1,6,36
fetchkeep-chromium,live,heldOut,warmP95,2284.4,1220.9,3318.7,6,36
fetchkeep-chromium,live,heldOut,passageRecall,0.8333333333333334,0.5,1,6,42
fetchkeep-chromium,live,heldOut,tokenPrecision,,,,0,0
fetchkeep-chromium,live,heldOut,tokenRecall,,,,0,0
fetchkeep-chromium,live,heldOut,tokenF1,,,,0,0
fetchkeep-chromium,live,heldOut,boilerplate,1,1,1,4,28
fetchkeep-chromium,live,heldOut,headings,1,1,1,2,14
fetchkeep-chromium,live,heldOut,tables,1,,,1,7
fetchkeep-chromium,live,heldOut,code,1,,,1,7
fetchkeep-chromium,live,heldOut,citation,1,1,1,5,35
fetchkeep-chromium,live,heldOut,correctError,,,,0,0
fetchkeep-chromium,live,heldOut,timeout,0,0,0,6,42
fetchkeep-chromium,live,heldOut,blocked,0,0,0,6,42
fetchkeep-chromium,live,dev,usable,1,1,1,18,126
fetchkeep-chromium,live,dev,success,1,1,1,18,126
fetchkeep-chromium,live,dev,warmP50,1448.6,1174.6,1609.8,18,108
fetchkeep-chromium,live,dev,warmP95,2864.2,1968.4,3042.9,18,108
fetchkeep-chromium,live,dev,passageRecall,1,1,1,18,126
fetchkeep-chromium,live,dev,tokenPrecision,,,,0,0
fetchkeep-chromium,live,dev,tokenRecall,,,,0,0
fetchkeep-chromium,live,dev,tokenF1,,,,0,0
fetchkeep-chromium,live,dev,boilerplate,0.8333333333333334,0.5833333333333334,1,12,84
fetchkeep-chromium,live,dev,headings,1,1,1,8,56
fetchkeep-chromium,live,dev,tables,1,1,1,2,14
fetchkeep-chromium,live,dev,code,1,1,1,6,42
fetchkeep-chromium,live,dev,citation,1,1,1,18,126
fetchkeep-chromium,live,dev,correctError,,,,0,0
fetchkeep-chromium,live,dev,timeout,0,0,0,18,126
fetchkeep-chromium,live,dev,blocked,0,0,0,18,126
fetchkeep-lightpanda,live,all,usable,0.9583333333333334,0.875,1,24,168
fetchkeep-lightpanda,live,all,success,1,1,1,24,168
fetchkeep-lightpanda,live,all,warmP50,1214.2,1054.5,1418.6,24,144
fetchkeep-lightpanda,live,all,warmP95,3021.2,1885.1,3397.7,24,144
fetchkeep-lightpanda,live,all,passageRecall,0.9583333333333334,0.875,1,24,168
fetchkeep-lightpanda,live,all,tokenPrecision,,,,0,0
fetchkeep-lightpanda,live,all,tokenRecall,,,,0,0
fetchkeep-lightpanda,live,all,tokenF1,,,,0,0
fetchkeep-lightpanda,live,all,boilerplate,0.875,0.6875,1,16,112
fetchkeep-lightpanda,live,all,headings,1,1,1,10,70
fetchkeep-lightpanda,live,all,tables,1,1,1,3,21
fetchkeep-lightpanda,live,all,code,0.8571428571428571,0.5714285714285714,1,7,49
fetchkeep-lightpanda,live,all,citation,1,1,1,23,161
fetchkeep-lightpanda,live,all,correctError,,,,0,0
fetchkeep-lightpanda,live,all,timeout,0,0,0,24,168
fetchkeep-lightpanda,live,all,blocked,0,0,0,24,168
fetchkeep-lightpanda,live,heldOut,usable,0.8333333333333334,0.5,1,6,42
fetchkeep-lightpanda,live,heldOut,success,1,1,1,6,42
fetchkeep-lightpanda,live,heldOut,warmP50,1019,801.7,2300.7,6,36
fetchkeep-lightpanda,live,heldOut,warmP95,2691,1286.9,2746.8,6,36
fetchkeep-lightpanda,live,heldOut,passageRecall,0.8333333333333334,0.5,1,6,42
fetchkeep-lightpanda,live,heldOut,tokenPrecision,,,,0,0
fetchkeep-lightpanda,live,heldOut,tokenRecall,,,,0,0
fetchkeep-lightpanda,live,heldOut,tokenF1,,,,0,0
fetchkeep-lightpanda,live,heldOut,boilerplate,1,1,1,4,28
fetchkeep-lightpanda,live,heldOut,headings,1,1,1,2,14
fetchkeep-lightpanda,live,heldOut,tables,1,,,1,7
fetchkeep-lightpanda,live,heldOut,code,1,,,1,7
fetchkeep-lightpanda,live,heldOut,citation,1,1,1,5,35
fetchkeep-lightpanda,live,heldOut,correctError,,,,0,0
fetchkeep-lightpanda,live,heldOut,timeout,0,0,0,6,42
fetchkeep-lightpanda,live,heldOut,blocked,0,0,0,6,42
fetchkeep-lightpanda,live,dev,usable,1,1,1,18,126
fetchkeep-lightpanda,live,dev,success,1,1,1,18,126
fetchkeep-lightpanda,live,dev,warmP50,1287.4,1065.7,1491.9,18,108
fetchkeep-lightpanda,live,dev,warmP95,3241.7,1817,3397.7,18,108
fetchkeep-lightpanda,live,dev,passageRecall,1,1,1,18,126
fetchkeep-lightpanda,live,dev,tokenPrecision,,,,0,0
fetchkeep-lightpanda,live,dev,tokenRecall,,,,0,0
fetchkeep-lightpanda,live,dev,tokenF1,,,,0,0
fetchkeep-lightpanda,live,dev,boilerplate,0.8333333333333334,0.5833333333333334,1,12,84
fetchkeep-lightpanda,live,dev,headings,1,1,1,8,56
fetchkeep-lightpanda,live,dev,tables,1,1,1,2,14
fetchkeep-lightpanda,live,dev,code,0.8333333333333334,0.5,1,6,42
fetchkeep-lightpanda,live,dev,citation,1,1,1,18,126
fetchkeep-lightpanda,live,dev,correctError,,,,0,0
fetchkeep-lightpanda,live,dev,timeout,0,0,0,18,126
fetchkeep-lightpanda,live,dev,blocked,0,0,0,18,126
fetchkeep-auto,live,all,usable,0.9583333333333334,0.875,1,24,168
fetchkeep-auto,live,all,success,1,1,1,24,168
fetchkeep-auto,live,all,warmP50,425.6,281.5,672.4,24,144
fetchkeep-auto,live,all,warmP95,1962.6,1354,2179.6,24,144
fetchkeep-auto,live,all,passageRecall,0.9583333333333334,0.875,1,24,168
fetchkeep-auto,live,all,tokenPrecision,,,,0,0
fetchkeep-auto,live,all,tokenRecall,,,,0,0
fetchkeep-auto,live,all,tokenF1,,,,0,0
fetchkeep-auto,live,all,boilerplate,0.875,0.6875,1,16,112
fetchkeep-auto,live,all,headings,1,1,1,10,70
fetchkeep-auto,live,all,tables,1,1,1,3,21
fetchkeep-auto,live,all,code,1,1,1,7,49
fetchkeep-auto,live,all,citation,1,1,1,23,161
fetchkeep-auto,live,all,correctError,,,,0,0
fetchkeep-auto,live,all,timeout,0,0,0,24,168
fetchkeep-auto,live,all,blocked,0,0,0,24,168
fetchkeep-auto,live,heldOut,usable,0.8333333333333334,0.5,1,6,42
fetchkeep-auto,live,heldOut,success,1,1,1,6,42
fetchkeep-auto,live,heldOut,warmP50,323,185.8,1524.7,6,36
fetchkeep-auto,live,heldOut,warmP95,1887.8,442.3,2221.9,6,36
fetchkeep-auto,live,heldOut,passageRecall,0.8333333333333334,0.5,1,6,42
fetchkeep-auto,live,heldOut,tokenPrecision,,,,0,0
fetchkeep-auto,live,heldOut,tokenRecall,,,,0,0
fetchkeep-auto,live,heldOut,tokenF1,,,,0,0
fetchkeep-auto,live,heldOut,boilerplate,1,1,1,4,28
fetchkeep-auto,live,heldOut,headings,1,1,1,2,14
fetchkeep-auto,live,heldOut,tables,1,,,1,7
fetchkeep-auto,live,heldOut,code,1,,,1,7
fetchkeep-auto,live,heldOut,citation,1,1,1,5,35
fetchkeep-auto,live,heldOut,correctError,,,,0,0
fetchkeep-auto,live,heldOut,timeout,0,0,0,6,42
fetchkeep-auto,live,heldOut,blocked,0,0,0,6,42
fetchkeep-auto,live,dev,usable,1,1,1,18,126
fetchkeep-auto,live,dev,success,1,1,1,18,126
fetchkeep-auto,live,dev,warmP50,465.9,281.5,697,18,108
fetchkeep-auto,live,dev,warmP95,2000.4,1168.3,2179.6,18,108
fetchkeep-auto,live,dev,passageRecall,1,1,1,18,126
fetchkeep-auto,live,dev,tokenPrecision,,,,0,0
fetchkeep-auto,live,dev,tokenRecall,,,,0,0
fetchkeep-auto,live,dev,tokenF1,,,,0,0
fetchkeep-auto,live,dev,boilerplate,0.8333333333333334,0.5833333333333334,1,12,84
fetchkeep-auto,live,dev,headings,1,1,1,8,56
fetchkeep-auto,live,dev,tables,1,1,1,2,14
fetchkeep-auto,live,dev,code,1,1,1,6,42
fetchkeep-auto,live,dev,citation,1,1,1,18,126
fetchkeep-auto,live,dev,correctError,,,,0,0
fetchkeep-auto,live,dev,timeout,0,0,0,18,126
fetchkeep-auto,live,dev,blocked,0,0,0,18,126
firecrawl-selfhost,live,all,usable,0.9166666666666666,0.7916666666666666,1,24,168
firecrawl-selfhost,live,all,success,0.9583333333333334,0.875,1,24,168
firecrawl-selfhost,live,all,warmP50,844.9,620.4,1076.7,23,138
firecrawl-selfhost,live,all,warmP95,7820.3,1591.6,12139.9,23,138
firecrawl-selfhost,live,all,passageRecall,0.9565217391304348,0.8695652173913043,1,23,161
firecrawl-selfhost,live,all,tokenPrecision,,,,0,0
firecrawl-selfhost,live,all,tokenRecall,,,,0,0
firecrawl-selfhost,live,all,tokenF1,,,,0,0
firecrawl-selfhost,live,all,boilerplate,0.6770833333333334,0.4747023809523811,0.8541666666666672,16,112
firecrawl-selfhost,live,all,headings,0.45833333333333326,0.1916666666666667,0.75,10,70
firecrawl-selfhost,live,all,tables,1,1,1,3,21
firecrawl-selfhost,live,all,code,0.3673469387755102,0.08163265306122448,0.7142857142857143,7,49
firecrawl-selfhost,live,all,citation,,,,0,0
firecrawl-selfhost,live,all,correctError,,,,0,0
firecrawl-selfhost,live,all,timeout,0,0,0,24,168
firecrawl-selfhost,live,all,blocked,0,0,0,24,168
firecrawl-selfhost,live,heldOut,usable,0.8333333333333334,0.5,1,6,42
firecrawl-selfhost,live,heldOut,success,1,1,1,6,42
firecrawl-selfhost,live,heldOut,warmP50,632.7,433.9,993.1,6,36
firecrawl-selfhost,live,heldOut,warmP95,1646,1004.5,7820.3,6,36
firecrawl-selfhost,live,heldOut,passageRecall,0.8333333333333334,0.5,1,6,42
firecrawl-selfhost,live,heldOut,tokenPrecision,,,,0,0
firecrawl-selfhost,live,heldOut,tokenRecall,,,,0,0
firecrawl-selfhost,live,heldOut,tokenF1,,,,0,0
firecrawl-selfhost,live,heldOut,boilerplate,0.625,0.25,1,4,28
firecrawl-selfhost,live,heldOut,headings,1,1,1,2,14
firecrawl-selfhost,live,heldOut,tables,1,,,1,7
firecrawl-selfhost,live,heldOut,code,1,,,1,7
firecrawl-selfhost,live,heldOut,citation,,,,0,0
firecrawl-selfhost,live,heldOut,correctError,,,,0,0
firecrawl-selfhost,live,heldOut,timeout,0,0,0,6,42
firecrawl-selfhost,live,heldOut,blocked,0,0,0,6,42
firecrawl-selfhost,live,dev,usable,0.9444444444444444,0.8333333333333334,1,18,126
firecrawl-selfhost,live,dev,success,0.9444444444444444,0.8333333333333334,1,18,126
firecrawl-selfhost,live,dev,warmP50,915.7,631,1088.6,17,102
firecrawl-selfhost,live,dev,warmP95,7945.6,1698.3,12682.2,17,102
firecrawl-selfhost,live,dev,passageRecall,1,1,1,17,119
firecrawl-selfhost,live,dev,tokenPrecision,,,,0,0
firecrawl-selfhost,live,dev,tokenRecall,,,,0,0
firecrawl-selfhost,live,dev,tokenF1,,,,0,0
firecrawl-selfhost,live,dev,boilerplate,0.6944444444444444,0.48015873015872995,0.8968253968253967,12,84
firecrawl-selfhost,live,dev,headings,0.3229166666666667,0.07291666666666666,0.625,8,56
firecrawl-selfhost,live,dev,tables,1,1,1,2,14
firecrawl-selfhost,live,dev,code,0.2619047619047619,0,0.5952380952380952,6,42
firecrawl-selfhost,live,dev,citation,,,,0,0
firecrawl-selfhost,live,dev,correctError,,,,0,0
firecrawl-selfhost,live,dev,timeout,0,0,0,18,126
firecrawl-selfhost,live,dev,blocked,0,0,0,18,126
firecrawl-hosted,live,all,usable,,,,0,0
firecrawl-hosted,live,all,success,,,,0,0
firecrawl-hosted,live,all,warmP50,,,,0,0
firecrawl-hosted,live,all,warmP95,,,,0,0
firecrawl-hosted,live,all,passageRecall,,,,0,0
firecrawl-hosted,live,all,tokenPrecision,,,,0,0
firecrawl-hosted,live,all,tokenRecall,,,,0,0
firecrawl-hosted,live,all,tokenF1,,,,0,0
firecrawl-hosted,live,all,boilerplate,,,,0,0
firecrawl-hosted,live,all,headings,,,,0,0
firecrawl-hosted,live,all,tables,,,,0,0
firecrawl-hosted,live,all,code,,,,0,0
firecrawl-hosted,live,all,citation,,,,0,0
firecrawl-hosted,live,all,correctError,,,,0,0
firecrawl-hosted,live,all,timeout,,,,0,0
firecrawl-hosted,live,all,blocked,,,,0,0
firecrawl-hosted,live,heldOut,usable,,,,0,0
firecrawl-hosted,live,heldOut,success,,,,0,0
firecrawl-hosted,live,heldOut,warmP50,,,,0,0
firecrawl-hosted,live,heldOut,warmP95,,,,0,0
firecrawl-hosted,live,heldOut,passageRecall,,,,0,0
firecrawl-hosted,live,heldOut,tokenPrecision,,,,0,0
firecrawl-hosted,live,heldOut,tokenRecall,,,,0,0
firecrawl-hosted,live,heldOut,tokenF1,,,,0,0
firecrawl-hosted,live,heldOut,boilerplate,,,,0,0
firecrawl-hosted,live,heldOut,headings,,,,0,0
firecrawl-hosted,live,heldOut,tables,,,,0,0
firecrawl-hosted,live,heldOut,code,,,,0,0
firecrawl-hosted,live,heldOut,citation,,,,0,0
firecrawl-hosted,live,heldOut,correctError,,,,0,0
firecrawl-hosted,live,heldOut,timeout,,,,0,0
firecrawl-hosted,live,heldOut,blocked,,,,0,0
firecrawl-hosted,live,dev,usable,,,,0,0
firecrawl-hosted,live,dev,success,,,,0,0
firecrawl-hosted,live,dev,warmP50,,,,0,0
firecrawl-hosted,live,dev,warmP95,,,,0,0
firecrawl-hosted,live,dev,passageRecall,,,,0,0
firecrawl-hosted,live,dev,tokenPrecision,,,,0,0
firecrawl-hosted,live,dev,tokenRecall,,,,0,0
firecrawl-hosted,live,dev,tokenF1,,,,0,0
firecrawl-hosted,live,dev,boilerplate,,,,0,0
firecrawl-hosted,live,dev,headings,,,,0,0
firecrawl-hosted,live,dev,tables,,,,0,0
firecrawl-hosted,live,dev,code,,,,0,0
firecrawl-hosted,live,dev,citation,,,,0,0
firecrawl-hosted,live,dev,correctError,,,,0,0
firecrawl-hosted,live,dev,timeout,,,,0,0
firecrawl-hosted,live,dev,blocked,,,,0,0
donsetch,live,all,usable,0.9166666666666666,0.7916666666666666,1,24,168
donsetch,live,all,success,0.9583333333333334,0.875,1,24,168
donsetch,live,all,warmP50,317.6,167.2,401.8,23,138
donsetch,live,all,warmP95,951.8,688.7,4519.3,23,138
donsetch,live,all,passageRecall,0.9565217391304348,0.8695652173913043,1,23,161
donsetch,live,all,tokenPrecision,,,,0,0
donsetch,live,all,tokenRecall,,,,0,0
donsetch,live,all,tokenF1,,,,0,0
donsetch,live,all,boilerplate,0.8,0.6,1,15,105
donsetch,live,all,headings,0.8666666666666665,0.6666666666666664,1,10,70
donsetch,live,all,tables,1,1,1,3,21
donsetch,live,all,code,0.8571428571428571,0.5714285714285714,1,7,49
donsetch,live,all,citation,,,,0,0
donsetch,live,all,correctError,,,,0,0
donsetch,live,all,timeout,0,0,0,24,168
donsetch,live,all,blocked,0.041666666666666664,0,0.125,24,168
donsetch,live,heldOut,usable,0.8333333333333334,0.5,1,6,42
donsetch,live,heldOut,success,0.8333333333333334,0.5,1,6,42
donsetch,live,heldOut,warmP50,221.8,34.2,405.8,5,30
donsetch,live,heldOut,warmP95,720.2,378.6,1082.5,5,30
donsetch,live,heldOut,passageRecall,1,1,1,5,35
donsetch,live,heldOut,tokenPrecision,,,,0,0
donsetch,live,heldOut,tokenRecall,,,,0,0
donsetch,live,heldOut,tokenF1,,,,0,0
donsetch,live,heldOut,boilerplate,0.6666666666666666,0,1,3,21
donsetch,live,heldOut,headings,1,1,1,2,14
donsetch,live,heldOut,tables,1,,,1,7
donsetch,live,heldOut,code,1,,,1,7
donsetch,live,heldOut,citation,,,,0,0
donsetch,live,heldOut,correctError,,,,0,0
donsetch,live,heldOut,timeout,0,0,0,6,42
donsetch,live,heldOut,blocked,0.16666666666666666,0,0.5,6,42
donsetch,live,dev,usable,0.9444444444444444,0.8333333333333334,1,18,126
donsetch,live,dev,success,1,1,1,18,126
donsetch,live,dev,warmP50,343.1,167.2,465.7,18,108
donsetch,live,dev,warmP95,951.8,612.9,4575.4,18,108
donsetch,live,dev,passageRecall,0.9444444444444444,0.8333333333333334,1,18,126
donsetch,live,dev,tokenPrecision,,,,0,0
donsetch,live,dev,tokenRecall,,,,0,0
donsetch,live,dev,tokenF1,,,,0,0
donsetch,live,dev,boilerplate,0.8333333333333334,0.5833333333333334,1,12,84
donsetch,live,dev,headings,0.8333333333333334,0.5833333333333333,1,8,56
donsetch,live,dev,tables,1,1,1,2,14
donsetch,live,dev,code,0.8333333333333334,0.5,1,6,42
donsetch,live,dev,citation,,,,0,0
donsetch,live,dev,correctError,,,,0,0
donsetch,live,dev,timeout,0,0,0,18,126
donsetch,live,dev,blocked,0,0,0,18,126
